"SAMPLEID","INDEX_NAME","INDEX_CLASS","ni_total","ni_totalNoDeca","li_total","ni_Chiro","ni_Dipt","ni_EPT","ni_Trich","ni_Americo","ni_Gnorimo","ni_brackish","ni_Ramello","nt_total","nt_Amph","nt_Bival","nt_Coleo","nt_COET","nt_COETNoBraBaeHydTri","nt_CruMol","nt_Deca","nt_Dipt","nt_ECT","nt_Ephem","nt_EphemNoBaeTri","nt_Ephemerellid","nt_EPT","nt_ET","nt_Gast","nt_Hemipt","nt_Hepta","nt_Insect","nt_Isop","nt_Mega","nt_Mol","nt_Nemour","nt_NonIns","nt_Odon","nt_OET","nt_Oligo","nt_Perlid","nt_Pleco","nt_POET","nt_Ptero","nt_Rhya","nt_Tipulid","nt_Trich","nt_TrichNoHydro","nt_Tromb","nt_Tubif","pi_Ampe","pi_AmpeHaust","pi_Amph","pi_AmphIsop","pi_Baet","pi_Bival","pi_Caen","pi_Cheu","pi_Coleo","pi_COET","pi_Corb","pi_CorixPhys","pi_CraCaeGam","pi_Cru","pi_CruMol","pi_Deca","pi_Dipt","pi_DiptNonIns","pi_ECT","pi_Ephem","pi_EphemNoCae","pi_EphemNoCaeBae","pi_EphemNoBaeTri","pi_EPT","pi_EPTNoBaeHydro","pi_EPTNoCheu","pi_EPTNoHydro","pi_ET","pi_Gast","pi_Hemipt","pi_Hydro","pi_Hydro2EPT","pi_Hydro2Trich","pi_Insect","pi_Isop","pi_IsopGastHiru","pi_Juga","pi_JugaFlumi","pi_Mega","pi_Mol","pi_Nemata","pi_NonIns","pi_Odon","pi_OET","pi_Oligo","pi_Pleco","pi_POET","pi_Sphaer","pi_SphaerCorb","pi_Trich","pi_TrichNoHydro","pi_Tromb","pi_Tubif","pt_Amph","pt_Bival","pt_Coleo","pt_COET","pt_Deca","pt_Dipt","pt_ECT","pt_Ephem","pt_EPT","pt_ET","pt_Gast","pt_Hemipt","pt_Insect","pt_Isop","pt_Mega","pt_NonIns","pt_Odon","pt_OET","pt_Oligo","pt_Pleco","pt_POET","pt_Trich","pt_TrichNoHydro","pt_Tromb","nt_Chiro","pi_Chiro","pt_Chiro","pi_Ortho","pi_Tanyt","pi_Tanyp","pi_Chi2Dipt","pi_COC2Chi","pi_ChCr2Chi","pi_Orth2Chi","pi_Tanyp2Chi","pi_ChiroAnne","pi_dom02_BCG_att456_NoJugaRiss","nt_NonIns_BCG_att456","pi_NonIns_BCG_att456","pt_NonIns_BCG_att456","nt_NonInsJugaRiss_BCG_att456","pi_NonInsJugaRiss_BCG_att456","pt_NonInsJugaRiss_BCG_att456","pi_SimBtri","pi_Colesens","nt_longlived","pt_longlived","nt_noteworthy","nt_ffg2_pred","ni_Noto","nt_ti_stenocold","nt_ti_cold","nt_ti_cool","nt_ti_warm","nt_ti_stenowarm","nt_ti_eury","nt_ti_cowa","nt_ti_na","nt_ti_stenocold_cold","nt_ti_stenocold_cold_cool","nt_ti_cowa_warm_stenowarm","nt_ti_warm_stenowarm","pi_ti_stenocold","pi_ti_cold","pi_ti_cool","pi_ti_warm","pi_ti_stenowarm","pi_ti_eury","pi_ti_cowa","pi_ti_na","pi_ti_stenocold_cold","pi_ti_stenocold_cold_cool","pi_ti_cowa_warm_stenowarm","pi_ti_warm_stenowarm","pt_ti_stenocold","pt_ti_cold","pt_ti_cool","pt_ti_warm","pt_ti_stenowarm","pt_ti_eury","pt_ti_cowa","pt_ti_na","pt_ti_stenocold_cold","pt_ti_stenocold_cold_cool","pt_ti_cowa_warm_stenowarm","pt_ti_warm_stenowarm","ri_ti_sccc_wsw","nt_tv_intol","nt_tv_intol2","nt_tv_intol4","nt_tv_toler","nt_tv_toler6","nt_tv_toler8","pi_tv_intol","pi_tv_intol4","pi_tv_toler","pi_tv_toler6","pi_tv_toler8","pt_tv_intol","pt_tv_intol4","pt_tv_toler","pt_tv_toler6","pt_tv_toler8","nt_tv_intol4_EPT","nt_tv_ntol","nt_tv_stol","pi_tv_ntol","pi_tv_stol","pt_tv_ntol","pt_tv_stol","pi_tv2_intol","pi_tv2_toler_ISA_SalHi_xFL","pi_tv2_intol_ISA_SalHi_xFL","pt_tv2_intol_ISA_SalHi_xFL","nt_ffg_col","nt_ffg_filt","nt_ffg_pred","nt_ffg_scrap","nt_ffg_shred","nt_ffg_mah","nt_ffg_omn","nt_ffg_par","nt_ffg_pih","nt_ffg_xyl","nt_ffg_pred_scrap_shred","nt_ffg_pred_NoChi","pi_ffg_col","pi_ffg_filt","pi_ffg_pred","pi_ffg_scrap","pi_ffg_shred","pi_ffg_mah","pi_ffg_omn","pi_ffg_par","pi_ffg_pih","pi_ffg_xyl","pi_ffg_col_filt","pt_ffg_col","pt_ffg_filt","pt_ffg_pred","pt_ffg_scrap","pt_ffg_shred","pt_ffg_mah","pt_ffg_omn","pt_ffg_par","pt_ffg_pih","pt_ffg_xyl","nt_ffg2_intface","nt_ffg2_subsurf","pi_ffg2_scavburr","nt_habit_burrow","nt_habit_climb","nt_habit_climbcling","nt_habit_cling","nt_habit_sprawl","nt_habit_swim","pi_habit_burrow","pi_habit_climb","pi_habit_climbcling","pi_habit_cling","pi_habit_sprawl","pi_habit_swim","pt_habit_burrow","pt_habit_climb","pt_habit_climbcling","pt_habit_cling","pt_habit_sprawl","pt_habit_swim","pi_habit_cling_PlecoNoCling","nt_volt_multi","nt_volt_semi","nt_volt_uni","pi_volt_multi","pi_volt_semi","pi_volt_uni","pt_volt_multi","pt_volt_semi","pt_volt_uni","pi_dom01","pi_dom02","pi_dom03","pi_dom04","pi_dom05","pi_dom06","pi_dom07","pi_dom08","pi_dom09","pi_dom10","x_Becks","x_Becks3","x_HBI","x_HBI2","x_NCBI","x_BCICTQa","x_Shan_e","x_Shan_2","x_Shan_10","x_D","x_D_G","x_D_Mg","x_Evenness","nt_habitat_brac","nt_habitat_depo","nt_habitat_gene","nt_habitat_head","nt_habitat_rheo","nt_habitat_rive","nt_habitat_spec","nt_habitat_unkn","pi_habitat_brac","pi_habitat_depo","pi_habitat_gene","pi_habitat_head","pi_habitat_rheo","pi_habitat_rive","pi_habitat_spec","pi_habitat_unkn","pt_habitat_brac","pt_habitat_depo","pt_habitat_gene","pt_habitat_head","pt_habitat_rheo","pt_habitat_rive","pt_habitat_spec","pt_habitat_unkn","nt_BCG_att1","nt_BCG_att1i","nt_BCG_att1m","nt_BCG_att12","nt_BCG_att1234","nt_BCG_att1i2","nt_BCG_att123","nt_BCG_att1i23","nt_BCG_att1i236i","nt_BCG_att2","nt_BCG_att23","nt_BCG_att234","nt_BCG_att3","nt_BCG_att4","nt_BCG_att45","nt_BCG_att456","nt_BCG_att5","nt_BCG_att56","nt_BCG_att56t","nt_BCG_att6","nt_BCG_att6i","nt_BCG_att6m","nt_BCG_att6t","nt_BCG_attNA","nt_BCG_att4b","nt_BCG_att4m","nt_BCG_att4w","nt_BCG_att1i234b","nt_BCG_att4w5","nt_Ephem_BCG_att1i2","nt_EPT_BCG_att123","nt_EPT_BCG_att1i23","nt_Pleco_BCG_att1i2","nt_Trich_BCG_att1i2","nt_Coleo_BCG_att234b4m","nt_Ephem_BCG_att234b4m","nt_Odon_BCG_att234b4m","nt_Trich_BCG_att234b4m","pi_BCG_att1","pi_BCG_att1i","pi_BCG_att1m","pi_BCG_att12","pi_BCG_att1i2","pi_BCG_att123","pi_BCG_att1i23","pi_BCG_att1i236i","pi_BCG_att2","pi_BCG_att23","pi_BCG_att234","pi_BCG_att3","pi_BCG_att4","pi_BCG_att45","pi_BCG_att456","pi_BCG_att5","pi_BCG_att5extra","pi_BCG_att56","pi_BCG_att56t","pi_BCG_att6","pi_BCG_att6i","pi_BCG_att6m","pi_BCG_att6t","pi_BCG_attNA","pi_BCG_att4b","pi_BCG_att4m","pi_BCG_att4w","pi_BCG_att1i234b","pi_BCG_att4w5","pi_EPT_BCG_att123","pi_EPT_BCG_att1i23","pt_BCG_att1","pt_BCG_att1i","pt_BCG_att1m","pt_BCG_att12","pt_BCG_att1234","pt_BCG_att1i2","pt_BCG_att123","pt_BCG_att1i23","pt_BCG_att1i236i","pt_BCG_att2","pt_BCG_att23","pt_BCG_att234","pt_BCG_att3","pt_BCG_att4","pt_BCG_att45","pt_BCG_att456","pt_BCG_att5","pt_BCG_att56","pt_BCG_att56t","pt_BCG_att6","pt_BCG_att6i","pt_BCG_att6m","pt_BCG_att6t","pt_BCG_attNA","pt_BCG_att4b","pt_BCG_att4m","pt_BCG_att4w","pt_BCG_att1i234b","pt_BCG_att4w5","pt_EPT_BCG_att123","pt_EPT_BCG_att1i23","pi_dom01_BCG_att4","pi_dom01_BCG_att5","x_UFC","nt_elev_low","nt_elev_high","nt_grad_low","nt_grad_mod","nt_grad_high","nt_wsarea_small","nt_wsarea_medium","nt_wsarea_large","nt_wsarea_xlarge","nt_habstruct_coarsesub","nt_habstruct_noflow","nt_habstruct_rootmat","nt_habstruct_snag","nt_habstruct_NA","pi_habstruct_coarsesub","pi_habstruct_noflow","pi_habstruct_rootmat","pi_habstruct_snag","pi_habstruct_NA","pt_habstruct_coarsesub","pt_habstruct_noflow","pt_habstruct_rootmat","pt_habstruct_snag","pt_habstruct_NA","nval_habstruct","nord_COET","nfam_Coleo","nfam_Ephem","nfam_Odon","nfam_Trich","ngen_Coleo","ngen_Ephem","ngen_Odon","ngen_Trich","ngen_Elmid","nt_NonInsArachDeca_BCG_att456","pi_NonInsArachDeca_BCG_att456","pt_NonInsArachDeca_BCG_att456","nt_NonInsArachDecaJugaRiss_BCG_att456","pi_NonInsArachDecaJugaRiss_BCG_att456","pt_NonInsArachDecaJugaRiss_BCG_att456","nt_NonInsTrombJuga_BCG_att456","pi_NonInsTrombJuga_BCG_att456","pt_NonInsTrombJuga_BCG_att456","nt_oneind","pt_oneind","nt_airbreath","pi_airbreath","pt_airbreath","ni_total_300","nt_Mol_Non_BCG_att6","pi_EphemNoBaeTri_RFadj","nt_volt_semi_RFadj","nt_COETNoBraBaeHydTri_RFadj","x_BCICTQa_RFadjB","nt_dni","pi_dni","pt_dni"
"Samp9142","NM_Bugs_BCG","SandyBottomRivers",300,300,5.7037824746562,152,152,13,4,0,0,0,0,26,1,1,1,7,5,2,0,8,6,2,0,0,5,5,1,0,0,15,0,0,2,0,11,1,6,4,0,0,6,0,0,0,3,3,1,1,NA,NA,3,3,3,4.66666666666667,0,0,2,14.6666666666667,0,5,0,0,9.66666666666667,0,50.6666666666667,85.3333333333333,6.33333333333333,3,3,0,0,4.33333333333333,1.33333333333333,4.33333333333333,4.33333333333333,4.33333333333333,5,0,0,0,0,65.3333333333333,0,5,0,0,0,9.66666666666667,0,34.6666666666667,8.33333333333333,12.6666666666667,19,0,12.6666666666667,0,0,1.33333333333333,1.33333333333333,0.666666666666667,2,3.84615384615385,3.84615384615385,3.84615384615385,26.9230769230769,0,30.7692307692308,23.0769230769231,7.69230769230769,19.2307692307692,19.2307692307692,3.84615384615385,0,57.6923076923077,0,0,42.3076923076923,3.84615384615385,23.0769230769231,15.3846153846154,0,23.0769230769231,11.5384615384615,11.5384615384615,3.84615384615385,8,50.6666666666667,30.7692307692308,0.333333333333333,0,5.33333333333333,100,0,0,0.657894736842105,10.5263157894737,69.6666666666667,48.6666666666667,11,34.6666666666667,42.3076923076923,11,34.6666666666667,42.3076923076923,0,2,0,0,0,0,0,0,0,0,0,0,0,0,26,0,0,0,0,0,0,0,0,0,0,0,100,0,0,0,0,0,0,0,0,0,0,0,100,0,0,0,0,0,4,1,4,11,16,10,3.33333333333333,3.33333333333333,73.6666666666667,73.6666666666667,73,15.3846153846154,15.3846153846154,42.3076923076923,61.5384615384615,38.4615384615385,3,7,10,7.66666666666667,73,26.9230769230769,38.4615384615385,0,NA,NA,NA,10,2,6,2,2,0,0,0,0,0,10,4,21.3333333333333,44.6666666666667,16,5.66666666666667,3,0,0,0,0,0,66,38.4615384615385,7.69230769230769,23.0769230769231,7.69230769230769,7.69230769230769,0,0,0,0,0,NA,NA,NA,6,2,7,5,6,1,56.3333333333333,9.33333333333333,15.3333333333333,6,13,0.666666666666667,23.0769230769231,7.69230769230769,26.9230769230769,19.2307692307692,23.0769230769231,3.84615384615385,6,0,0,0,0,0,0,0,0,0,40,48.6666666666667,56.3333333333333,62.3333333333333,67.3333333333333,72,76.6666666666667,79.6666666666667,82.3333333333333,84.6666666666667,6,1,7.52380952380952,0,0,0,2.3540108799995,3.39611982277394,1.022333935524,0.811866666666667,4.5583786049918,4.38305635095365,0.722511089689503,0,0,0,0,0,0,0,0,0,0,0,0,0,0,0,0,0,0,0,0,0,0,0,0,0,0,0,0,16,0,0,0,0,0,0,16,0,16,24,25,8,9,8,1,0,0,0,1,0,0,0,0,8,0,0,0,0,0,0,0,0,0,0,0,0,0,0,0,0,0,0,0,63,0,63,93,97.6666666666667,30,30,34.6666666666667,30,4.66666666666667,0,0,0,2.33333333333333,0,0,0,0,30,0,0,0,0,0,0,61.5384615384615,0,0,0,0,0,0,61.5384615384615,0,61.5384615384615,92.3076923076923,96.1538461538462,30.7692307692308,34.6153846153846,30.7692307692308,3.84615384615385,0,0,0,3.84615384615385,0,0,0,0,30.7692307692308,0,0,40,8.66666666666667,0,0,0,0,0,0,0,0,0,0,0,0,0,0,26,0,0,0,0,100,0,0,0,0,100,0,4,1,1,1,2,0,0,0,0,0,9,33.6666666666667,34.6153846153846,9,33.6666666666667,34.6153846153846,10,34,38.4615384615385,6,23.0769230769231,0,0,0,100,1,0,0,0,0,0,0,0
"Samp9143","NM_Bugs_BCG","SandyBottomRivers",73,71,4.29045944114839,15,16,51,14,0,0,0,0,24,0,0,0,13,8,1,1,8,12,6,3,0,12,12,1,0,1,21,0,0,1,0,3,1,13,1,0,0,13,0,0,0,6,4,0,0,NA,NA,0,0,9.58904109589041,0,0,0,0,72.6027397260274,0,0,0,0,1.36986301369863,2.73972602739726,21.9178082191781,27.3972602739726,69.8630136986301,50.6849315068493,50.6849315068493,41.0958904109589,41.0958904109589,69.8630136986301,52.0547945205479,69.8630136986301,61.6438356164384,69.8630136986301,1.36986301369863,0,8.21917808219178,11.7647058823529,42.8571428571429,94.5205479452055,0,1.36986301369863,0,0,0,1.36986301369863,0,5.47945205479452,2.73972602739726,72.6027397260274,1.36986301369863,0,72.6027397260274,0,0,19.1780821917808,10.958904109589,0,0,0,0,0,54.1666666666667,4.16666666666667,33.3333333333333,50,25,50,50,4.16666666666667,0,87.5,0,0,12.5,4.16666666666667,54.1666666666667,4.16666666666667,0,54.1666666666667,25,16.6666666666667,0,7,20.5479452054795,29.1666666666667,9.58904109589041,0,0,93.75,0,0,46.6666666666667,0,21.9178082191781,47.9452054794521,2,2.73972602739726,8.33333333333333,2,2.73972602739726,8.33333333333333,0,0,0,0,0,0,0,0,0,0,0,0,0,0,24,0,0,0,0,0,0,0,0,0,0,0,100,0,0,0,0,0,0,0,0,0,0,0,100,0,0,0,0,0,4,3,4,2,10,2,8.21917808219178,8.21917808219178,2.73972602739726,2.73972602739726,2.73972602739726,16.6666666666667,16.6666666666667,8.33333333333333,41.6666666666667,8.33333333333333,5,12,2,67.1232876712329,2.73972602739726,50,8.33333333333333,0,NA,NA,NA,10,2,3,4,4,0,0,0,0,0,11,3,57.5342465753425,8.21917808219178,5.47945205479452,9.58904109589041,17.8082191780822,0,0,0,0,0,65.7534246575343,41.6666666666667,8.33333333333333,12.5,16.6666666666667,16.6666666666667,0,0,0,0,0,NA,NA,NA,3,2,11,9,5,4,5.47945205479452,4.10958904109589,26.027397260274,21.9178082191781,56.1643835616438,10.958904109589,12.5,8.33333333333333,45.8333333333333,37.5,20.8333333333333,16.6666666666667,21.9178082191781,0,0,0,0,0,0,0,0,0,38.3561643835616,47.9452054794521,53.4246575342466,58.9041095890411,64.3835616438356,68.4931506849315,71.2328767123288,73.972602739726,76.7123287671233,79.4520547945205,8,4,4.97058823529412,0,0,0,2.47676568810434,3.57321757567208,1.07564567131103,0.827172077312817,5.59380652100422,5.36073124929571,0.779334089452216,0,0,0,0,0,0,0,0,0,0,0,0,0,0,0,0,0,0,0,0,0,0,0,0,0,0,0,0,22,0,4,4,4,0,4,22,4,18,19,19,1,1,1,0,0,0,0,1,0,0,0,4,1,0,3,3,0,0,0,2,0,1,0,0,0,0,0,10.958904109589,10.958904109589,10.958904109589,0,10.958904109589,95.8904109589041,10.958904109589,84.9315068493151,86.3013698630137,86.3013698630137,1.36986301369863,1.36986301369863,1.36986301369863,1.36986301369863,0,0,0,0,2.73972602739726,0,0,0,10.958904109589,1.36986301369863,9.58904109589041,9.58904109589041,0,0,0,0,91.6666666666667,0,16.6666666666667,16.6666666666667,16.6666666666667,0,16.6666666666667,91.6666666666667,16.6666666666667,75,79.1666666666667,79.1666666666667,4.16666666666667,4.16666666666667,4.16666666666667,0,0,0,0,4.16666666666667,0,0,0,16.6666666666667,4.16666666666667,12.5,12.5,38.3561643835616,1.36986301369863,0,0,0,0,0,0,0,0,0,0,0,0,0,0,24,0,0,0,0,100,0,0,0,0,100,0,3,0,4,1,4,0,0,0,0,0,2,2.73972602739726,8.33333333333333,2,2.73972602739726,8.33333333333333,2,2.73972602739726,8.33333333333333,14,58.3333333333333,0,0,0,24.3333333333333,1,0,0,0,0,0,0,0
"Samp9154","NM_Bugs_BCG","SandyBottomRivers",21,14,3.04452243772342,0,0,12,0,0,0,0,0,5,1,0,0,2,2,1,1,0,2,2,2,0,2,2,1,0,0,2,0,0,1,0,3,0,2,0,0,0,2,0,0,0,0,0,0,0,NA,NA,4.76190476190476,4.76190476190476,0,0,0,0,0,57.1428571428571,0,0,0,0,4.76190476190476,33.3333333333333,0,42.8571428571429,57.1428571428571,57.1428571428571,57.1428571428571,57.1428571428571,57.1428571428571,57.1428571428571,57.1428571428571,57.1428571428571,57.1428571428571,57.1428571428571,4.76190476190476,0,0,0,0,57.1428571428571,0,4.76190476190476,0,0,0,4.76190476190476,0,42.8571428571429,0,57.1428571428571,0,0,57.1428571428571,0,0,0,0,0,0,20,0,0,40,20,0,40,40,40,40,20,0,40,0,0,60,0,40,0,0,40,0,0,0,0,0,0,0,0,0,0,0,0,0,0,0,23.8095238095238,2,9.52380952380952,40,2,9.52380952380952,40,0,0,0,0,0,0,0,0,0,0,0,0,0,0,5,0,0,0,0,0,0,0,0,0,0,0,100,0,0,0,0,0,0,0,0,0,0,0,100,0,0,0,0,0,1,1,1,1,3,1,38.0952380952381,38.0952380952381,4.76190476190476,4.76190476190476,4.76190476190476,20,20,20,60,20,1,2,1,57.1428571428571,4.76190476190476,40,20,0,NA,NA,NA,3,1,0,1,0,0,0,0,0,0,1,0,57.1428571428571,38.0952380952381,0,4.76190476190476,0,0,0,0,0,0,95.2380952380952,60,20,0,20,0,0,0,0,0,0,NA,NA,NA,0,1,1,0,3,1,0,4.76190476190476,4.76190476190476,0,57.1428571428571,38.0952380952381,0,20,20,0,60,20,0,0,0,0,0,0,0,0,0,0,38.0952380952381,71.4285714285714,90.4761904761905,95.2380952380952,100,100,100,100,100,100,1,1,4.38095238095238,0,0,0,1.33966144623269,1.93272292495004,0.581807573717386,0.702947845804989,1.64229369376526,1.3138349550122,0.832378457027022,0,0,0,0,0,0,0,0,0,0,0,0,0,0,0,0,0,0,0,0,0,0,0,0,0,0,0,0,4,0,1,1,1,0,1,4,1,3,3,3,0,0,0,0,0,0,0,1,0,0,0,1,0,0,1,1,0,0,0,1,0,0,0,0,0,0,0,38.0952380952381,38.0952380952381,38.0952380952381,0,38.0952380952381,66.6666666666667,38.0952380952381,28.5714285714286,28.5714285714286,28.5714285714286,0,0,0,0,0,0,0,0,33.3333333333333,0,0,0,38.0952380952381,0,38.0952380952381,38.0952380952381,0,0,0,0,80,0,20,20,20,0,20,80,20,60,60,60,0,0,0,0,0,0,0,20,0,0,0,20,0,20,20,19.047619047619,0,0,0,0,0,0,0,0,0,0,0,0,0,0,0,5,0,0,0,0,100,0,0,0,0,100,0,1,0,2,0,0,0,0,0,0,0,2,9.52380952380952,40,2,9.52380952380952,40,2,9.52380952380952,40,2,40,0,0,0,7,1,0,0,0,0,0,0,0
"Samp9160","NM_Bugs_BCG","SandyBottomRivers",24,24,3.17805383034795,11,12,8,0,0,0,0,0,8,0,0,1,2,1,1,0,5,2,1,0,0,1,1,1,0,0,7,0,0,1,0,1,0,1,0,0,0,1,0,0,0,0,0,0,0,NA,NA,0,0,33.3333333333333,0,0,0,8.33333333333333,41.6666666666667,0,8.33333333333333,0,0,8.33333333333333,0,50,58.3333333333333,41.6666666666667,33.3333333333333,33.3333333333333,0,0,33.3333333333333,0,33.3333333333333,33.3333333333333,33.3333333333333,8.33333333333333,0,0,0,0,91.6666666666667,0,8.33333333333333,0,0,0,8.33333333333333,0,8.33333333333333,0,33.3333333333333,0,0,33.3333333333333,0,0,0,0,0,0,0,0,12.5,25,0,62.5,25,12.5,12.5,12.5,12.5,0,87.5,0,0,12.5,0,12.5,0,0,12.5,0,0,0,4,45.8333333333333,50,0,0,0,91.6666666666667,0,0,0,0,45.8333333333333,66.6666666666667,1,8.33333333333333,12.5,1,8.33333333333333,12.5,0,0,0,0,0,0,0,0,0,0,0,0,0,0,8,0,0,0,0,0,0,0,0,0,0,0,100,0,0,0,0,0,0,0,0,0,0,0,100,0,0,0,0,0,0,0,0,6,7,5,0,0,87.5,87.5,83.3333333333333,0,0,75,87.5,62.5,0,1,5,8.33333333333333,83.3333333333333,12.5,62.5,0,NA,NA,NA,3,2,2,1,0,0,0,0,0,0,3,1,75,8.33333333333333,8.33333333333333,8.33333333333333,0,0,0,0,0,0,83.3333333333333,37.5,25,25,12.5,0,0,0,0,0,0,NA,NA,NA,3,2,2,0,1,1,41.6666666666667,12.5,12.5,0,4.16666666666667,33.3333333333333,37.5,25,25,0,12.5,12.5,0,0,0,0,0,0,0,0,0,0,33.3333333333333,66.6666666666667,75,83.3333333333333,87.5,91.6666666666667,95.8333333333333,100,100,100,0,0,8.625,0,0,0,1.67623493913473,2.41829583405449,0.727979584439647,0.756944444444444,2.517263843553,2.20260586310887,0.806098611351497,0,0,0,0,0,0,0,0,0,0,0,0,0,0,0,0,0,0,0,0,0,0,0,0,0,0,0,0,3,0,1,1,1,0,1,3,1,2,7,7,5,5,5,0,0,0,0,0,0,0,0,1,5,0,0,0,0,0,0,0,0,0,0,0,0,0,0,4.16666666666667,4.16666666666667,4.16666666666667,0,4.16666666666667,12.5,4.16666666666667,8.33333333333333,95.8333333333333,95.8333333333333,87.5,87.5,87.5,87.5,0,0,0,0,0,0,0,0,4.16666666666667,87.5,0,0,0,0,0,0,37.5,0,12.5,12.5,12.5,0,12.5,37.5,12.5,25,87.5,87.5,62.5,62.5,62.5,0,0,0,0,0,0,0,0,12.5,62.5,0,0,4.16666666666667,33.3333333333333,0,0,0,0,0,0,0,0,0,0,0,0,0,0,8,0,0,0,0,100,0,0,0,0,100,0,2,1,1,0,0,0,0,0,0,0,1,8.33333333333333,12.5,1,8.33333333333333,12.5,1,8.33333333333333,12.5,4,50,0,0,0,8,1,0,0,0,0,0,0,0
"Samp9162","NM_Bugs_BCG","SandyBottomRivers",9,9,2.19722457733622,3,5,1,1,0,0,0,0,8,0,0,1,3,3,0,0,5,2,0,0,0,1,1,0,0,0,8,0,0,0,0,0,1,2,0,0,0,2,0,0,0,1,1,0,0,NA,NA,0,0,0,0,0,0,11.1111111111111,44.4444444444444,0,0,0,0,0,0,55.5555555555556,55.5555555555556,22.2222222222222,0,0,0,0,11.1111111111111,11.1111111111111,11.1111111111111,11.1111111111111,11.1111111111111,0,0,0,0,0,100,0,0,0,0,0,0,0,0,22.2222222222222,33.3333333333333,0,0,33.3333333333333,0,0,11.1111111111111,11.1111111111111,0,0,0,0,12.5,37.5,0,62.5,25,0,12.5,12.5,0,0,100,0,0,0,12.5,25,0,0,25,12.5,12.5,0,3,33.3333333333333,37.5,0,0,0,60,0,0,0,0,33.3333333333333,22.2222222222222,0,0,0,0,0,0,0,11.1111111111111,0,0,0,0,0,0,0,0,0,0,0,0,8,0,0,0,0,0,0,0,0,0,0,0,100,0,0,0,0,0,0,0,0,0,0,0,100,0,0,0,0,0,2,0,2,1,5,1,33.3333333333333,33.3333333333333,11.1111111111111,11.1111111111111,11.1111111111111,25,25,12.5,62.5,12.5,1,3,1,44.4444444444444,11.1111111111111,37.5,12.5,0,NA,NA,NA,5,0,1,0,2,0,0,0,0,0,3,1,55.5555555555556,0,22.2222222222222,0,22.2222222222222,0,0,0,0,0,55.5555555555556,62.5,0,12.5,0,25,0,0,0,0,0,NA,NA,NA,3,2,4,2,1,0,44.4444444444444,22.2222222222222,44.4444444444444,22.2222222222222,11.1111111111111,0,37.5,25,50,25,12.5,0,22.2222222222222,0,0,0,0,0,0,0,0,0,11.1111111111111,22.2222222222222,33.3333333333333,44.4444444444444,55.5555555555556,66.6666666666667,77.7777777777778,88.8888888888889,100,100,3,0,4.77777777777778,0,0,0,2.19722457733622,3.16992500144231,0.954242509439325,0.888888888888889,3.64095690650735,3.18583729319393,1.05664166714744,0,0,0,0,0,0,0,0,0,0,0,0,0,0,0,0,0,0,0,0,0,0,0,0,0,0,0,0,6,0,0,0,0,0,0,6,0,6,8,8,2,2,2,0,0,0,0,0,0,0,0,0,2,0,0,0,0,0,0,0,0,0,0,0,0,0,0,0,0,0,0,0,77.7777777777778,0,77.7777777777778,100,100,22.2222222222222,22.2222222222222,22.2222222222222,22.2222222222222,0,0,0,0,0,0,0,0,0,22.2222222222222,0,0,0,0,0,0,75,0,0,0,0,0,0,75,0,75,100,100,25,25,25,0,0,0,0,0,0,0,0,0,25,0,0,11.1111111111111,11.1111111111111,0,0,0,0,0,0,0,0,0,0,0,0,0,0,8,0,0,0,0,100,0,0,0,0,100,0,3,1,0,1,1,0,0,0,0,0,0,0,0,0,0,0,0,0,0,8,100,0,0,0,3,0,0,0,0,0,0,0,0
"Samp9163","NM_Bugs_BCG","SandyBottomRivers",13,13,2.56494935746154,4,4,7,0,0,0,0,0,6,0,1,0,3,3,1,0,2,2,2,2,0,2,2,0,0,0,5,0,0,1,0,1,1,3,0,0,0,3,0,0,0,0,0,0,0,NA,NA,0,0,0,7.69230769230769,46.1538461538462,0,0,61.5384615384615,0,0,0,0,7.69230769230769,0,30.7692307692308,38.4615384615385,53.8461538461538,53.8461538461538,7.69230769230769,7.69230769230769,53.8461538461538,53.8461538461538,53.8461538461538,53.8461538461538,53.8461538461538,53.8461538461538,0,0,0,0,0,92.3076923076923,0,0,0,0,0,7.69230769230769,0,7.69230769230769,7.69230769230769,61.5384615384615,0,0,61.5384615384615,0,0,0,0,0,0,0,16.6666666666667,0,50,0,33.3333333333333,33.3333333333333,33.3333333333333,33.3333333333333,33.3333333333333,0,0,83.3333333333333,0,0,16.6666666666667,16.6666666666667,50,0,0,50,0,0,0,2,30.7692307692308,33.3333333333333,0,0,7.69230769230769,100,0,0,0,25,30.7692307692308,53.8461538461538,1,7.69230769230769,16.6666666666667,1,7.69230769230769,16.6666666666667,0,0,0,0,0,0,0,0,0,0,0,0,0,0,6,0,0,0,0,0,0,0,0,0,0,0,100,0,0,0,0,0,0,0,0,0,0,0,100,0,0,0,0,0,2,1,2,1,2,1,15.3846153846154,15.3846153846154,7.69230769230769,7.69230769230769,7.69230769230769,33.3333333333333,33.3333333333333,16.6666666666667,33.3333333333333,16.6666666666667,1,2,1,15.3846153846154,7.69230769230769,33.3333333333333,16.6666666666667,0,NA,NA,NA,1,2,2,0,0,0,0,0,0,0,2,1,7.69230769230769,15.3846153846154,15.3846153846154,0,0,0,0,0,0,0,15.3846153846154,16.6666666666667,33.3333333333333,33.3333333333333,0,0,0,0,0,0,0,NA,NA,NA,4,0,0,0,1,0,46.1538461538462,0,0,0,7.69230769230769,0,66.6666666666667,0,0,0,16.6666666666667,0,0,0,0,0,0,0,0,0,0,0,46.1538461538462,69.2307692307692,76.9230769230769,84.6153846153846,92.3076923076923,100,100,100,100,100,2,1,5,0,0,0,1.48445753581749,2.14161952533414,0.644691716425233,0.710059171597633,2.33922747150768,1.9493562262564,0.828491525403818,0,0,0,0,0,0,0,0,0,0,0,0,0,0,0,0,0,0,0,0,0,0,0,0,0,0,0,1,3,1,1,1,1,1,1,3,0,2,3,4,1,2,1,1,0,0,0,1,0,0,0,1,1,1,1,1,0,0,0,1,0,0,0,0,0,7.69230769230769,7.69230769230769,7.69230769230769,7.69230769230769,7.69230769230769,7.69230769230769,7.69230769230769,61.5384615384615,0,53.8461538461538,61.5384615384615,69.2307692307692,7.69230769230769,7.69230769230769,15.3846153846154,7.69230769230769,7.69230769230769,0,0,0,23.0769230769231,0,0,0,7.69230769230769,7.69230769230769,7.69230769230769,7.69230769230769,0,0,0,16.6666666666667,50,16.6666666666667,16.6666666666667,16.6666666666667,16.6666666666667,16.6666666666667,16.6666666666667,50,0,33.3333333333333,50,66.6666666666667,16.6666666666667,33.3333333333333,16.6666666666667,16.6666666666667,0,0,0,16.6666666666667,0,0,0,16.6666666666667,16.6666666666667,16.6666666666667,16.6666666666667,46.1538461538462,7.69230769230769,0,0,0,0,0,0,0,0,0,0,0,0,0,0,6,0,0,0,0,100,0,0,0,0,100,0,2,0,2,1,0,0,0,0,0,0,1,7.69230769230769,16.6666666666667,1,7.69230769230769,16.6666666666667,1,7.69230769230769,16.6666666666667,4,66.6666666666667,0,0,0,4.33333333333333,0,0,0,0,0,0,0,0
"Samp9167","NM_Bugs_BCG","SandyBottomRivers",300,300,5.7037824746562,293,297,2,0,0,0,0,0,10,0,0,0,3,2,0,0,7,2,2,1,0,2,2,0,0,0,10,0,0,0,0,0,1,3,0,0,0,3,0,0,0,0,0,0,0,NA,NA,0,0,0.333333333333333,0,0.333333333333333,0,0,1,0,0,0,0,0,0,99,99,0.666666666666667,0.666666666666667,0.333333333333333,0,0.333333333333333,0.666666666666667,0.333333333333333,0.666666666666667,0.666666666666667,0.666666666666667,0,0,0,0,0,100,0,0,0,0,0,0,0,0,0.333333333333333,1,0,0,1,0,0,0,0,0,0,0,0,0,30,0,70,20,20,20,20,0,0,100,0,0,0,10,30,0,0,30,0,0,0,5,97.6666666666667,50,95,0,0,98.6531986531987,0,0,97.2696245733788,0,97.6666666666667,95.6666666666667,0,0,0,0,0,0,0,0,0,0,0,0,0,0,0,0,0,0,0,0,10,0,0,0,0,0,0,0,0,0,0,0,100,0,0,0,0,0,0,0,0,0,0,0,100,0,0,0,0,0,1,0,1,5,7,4,0.333333333333333,0.333333333333333,2.33333333333333,2.33333333333333,2,10,10,50,70,40,0,2,4,1.33333333333333,2,20,40,0,NA,NA,NA,4,1,3,0,1,0,0,0,0,0,4,2,2.66666666666667,0.333333333333333,1.66666666666667,0,95,0,0,0,0,0,3,40,10,30,0,10,0,0,0,0,0,NA,NA,NA,3,1,1,0,4,1,2.33333333333333,0.333333333333333,0.333333333333333,0,96.6666666666667,0.333333333333333,30,10,10,0,40,10,0,0,0,0,0,0,0,0,0,0,95,96,96.6666666666667,97.3333333333333,98,98.3333333333333,98.6666666666667,99,99.3333333333333,99.6666666666667,2,0,6.01672240802676,0,0,0,0.309068686903103,0.445891861889171,0.134226825251101,0.0972000000000001,1.75322254038146,1.57790028634331,0.134226825251101,0,0,0,0,0,0,0,0,0,0,0,0,0,0,0,0,0,0,0,0,0,0,0,0,0,0,0,0,6,0,1,1,1,0,1,6,1,5,7,7,2,2,2,0,0,0,0,2,0,0,0,1,2,0,0,0,0,0,0,0,0,0,0,0,0,0,0,0.333333333333333,0.333333333333333,0.333333333333333,0,0.333333333333333,98,0.333333333333333,97.6666666666667,98.3333333333333,98.3333333333333,0.666666666666667,0.666666666666667,0.666666666666667,0.666666666666667,0,0,0,0,1.33333333333333,0,0,0,0.333333333333333,0.666666666666667,0,0,0,0,0,0,60,0,10,10,10,0,10,60,10,50,70,70,20,20,20,0,0,0,0,20,0,0,0,10,20,0,0,95,0.333333333333333,0,0,0,0,0,0,0,0,0,0,0,0,0,0,10,0,0,0,0,100,0,0,0,0,100,0,2,0,2,1,0,0,0,0,0,0,0,0,0,0,0,0,0,0,0,6,60,0,0,0,100,0,0,0,0,0,0,0,0
"Samp9169","NM_Bugs_BCG","SandyBottomRivers",300,300,5.7037824746562,44,46,212,46,0,0,0,0,29,1,1,4,15,13,1,0,12,12,6,4,0,8,8,0,0,0,27,0,0,1,0,2,3,11,0,0,0,11,0,0,0,2,2,0,0,NA,NA,4.66666666666667,4.66666666666667,4.66666666666667,3.66666666666667,41.3333333333333,0,2.33333333333333,76.3333333333333,0,0,0,0,3.66666666666667,0,15.3333333333333,23.6666666666667,73,55.3333333333333,14,9.33333333333333,50.6666666666667,70.6666666666667,66,70.6666666666667,70.6666666666667,70.6666666666667,0,0,0,0,0,91.6666666666667,0,0,0,0,0,3.66666666666667,0,8.33333333333333,3.33333333333333,74,0,0,74,0,0,15.3333333333333,15.3333333333333,0,0,3.44827586206897,3.44827586206897,13.7931034482759,51.7241379310345,0,41.3793103448276,41.3793103448276,20.6896551724138,27.5862068965517,27.5862068965517,0,0,93.1034482758621,0,0,6.89655172413793,10.3448275862069,37.9310344827586,0,0,37.9310344827586,6.89655172413793,6.89655172413793,0,10,14.6666666666667,34.4827586206897,0.333333333333333,0,3.33333333333333,95.6521739130435,0,0,2.27272727272727,22.7272727272727,14.6666666666667,48.3333333333333,1,8,3.44827586206897,1,8,3.44827586206897,0,1.66666666666667,0,0,0,0,0,0,0,0,0,0,0,0,29,0,0,0,0,0,0,0,0,0,0,0,100,0,0,0,0,0,0,0,0,0,0,0,100,0,0,0,0,0,3,1,3,8,18,5,14.3333333333333,14.3333333333333,45,45,6.33333333333333,10.3448275862069,10.3448275862069,27.5862068965517,62.0689655172414,17.2413793103448,2,9,5,28.3333333333333,6.33333333333333,31.0344827586207,17.2413793103448,0,NA,NA,NA,13,3,7,4,2,0,0,0,0,0,13,4,63.6666666666667,6,5.66666666666667,9,13,0,0,0,0,0,67.3333333333333,44.8275862068966,10.3448275862069,24.1379310344828,13.7931034482759,6.89655172413793,0,0,0,0,0,NA,NA,NA,5,5,10,5,9,3,5.33333333333333,20.3333333333333,28,7.66666666666667,53,5.33333333333333,17.2413793103448,17.2413793103448,34.4827586206897,17.2413793103448,31.0344827586207,10.3448275862069,7.66666666666667,0,0,0,0,0,0,0,0,0,38,48.3333333333333,55.6666666666667,61.3333333333333,66,69.3333333333333,72.6666666666667,75.6666666666667,78.3333333333333,81,6,1,5.83859649122807,0,0,0,2.49503017886159,3.59956766591192,1.08357783886167,0.827222222222222,5.08434536710624,4.90902311306809,0.740959602254968,0,0,0,0,0,0,0,0,0,0,0,0,0,0,0,0,0,0,0,0,0,0,0,0,0,0,0,1,26,1,1,1,1,1,1,26,0,25,26,26,1,1,1,0,0,0,0,2,0,0,0,1,1,1,1,1,0,0,0,1,0,0,0,0,0,2,2,2,2,2,2,2,99,0,97,97.3333333333333,97.3333333333333,0.333333333333333,0.333333333333333,0.333333333333333,0.333333333333333,0,0,0,0,0.666666666666667,0,0,0,2,0.333333333333333,2,2,0,0,0,3.44827586206897,89.6551724137931,3.44827586206897,3.44827586206897,3.44827586206897,3.44827586206897,3.44827586206897,3.44827586206897,89.6551724137931,0,86.2068965517241,89.6551724137931,89.6551724137931,3.44827586206897,3.44827586206897,3.44827586206897,0,0,0,0,6.89655172413793,0,0,0,3.44827586206897,3.44827586206897,3.44827586206897,3.44827586206897,38,0.333333333333333,0,0,0,0,0,0,0,0,0,0,0,0,0,0,29,0,0,0,0,100,0,0,0,0,100,0,4,3,4,3,2,0,0,0,0,0,1,8,3.44827586206897,1,8,3.44827586206897,1,8,3.44827586206897,10,34.4827586206897,0,0,0,100,1,0,0,0,0,0,0,0
"Samp9170","NM_Bugs_BCG","SandyBottomRivers",5,5,1.6094379124341,3,3,0,0,0,0,0,0,5,0,0,0,1,1,1,0,3,0,0,0,0,0,0,1,0,0,4,0,0,1,0,1,1,1,0,0,0,1,0,0,0,0,0,0,0,NA,NA,0,0,0,0,0,0,0,20,0,20,0,0,20,0,60,80,0,0,0,0,0,0,0,0,0,0,20,0,0,0,0,80,0,20,0,0,0,20,0,20,20,20,0,0,20,0,0,0,0,0,0,0,0,0,20,0,60,0,0,0,0,20,0,80,0,0,20,20,20,0,0,20,0,0,0,3,60,60,0,0,0,100,0,0,0,0,60,40,1,20,20,1,20,20,0,0,0,0,0,0,0,0,0,0,0,0,0,0,5,0,0,0,0,0,0,0,0,0,0,0,100,0,0,0,0,0,0,0,0,0,0,0,100,0,0,0,0,0,1,1,1,1,2,1,20,20,20,20,20,20,20,20,40,20,0,1,1,20,20,20,20,0,NA,NA,NA,1,0,1,1,0,0,0,0,0,0,2,1,20,0,20,20,0,0,0,0,0,0,20,20,0,20,20,0,0,0,0,0,0,NA,NA,NA,2,0,1,1,0,0,40,0,20,20,0,0,40,0,20,20,0,0,20,0,0,0,0,0,0,0,0,0,20,40,60,80,100,100,100,100,100,100,2,2,5,0,0,0,1.6094379124341,2.32192809488736,0.698970004336019,0.8,3.10667467279806,2.48533973823845,1,0,0,0,0,0,0,0,0,0,0,0,0,0,0,0,0,0,0,0,0,0,0,0,0,0,0,0,0,2,0,0,0,0,0,0,2,0,2,3,3,1,1,1,0,0,0,0,2,0,0,0,0,1,0,0,0,0,0,0,0,0,0,0,0,0,0,0,0,0,0,0,0,40,0,40,60,60,20,20,20,20,0,0,0,0,40,0,0,0,0,20,0,0,0,0,0,0,40,0,0,0,0,0,0,40,0,40,60,60,20,20,20,0,0,0,0,40,0,0,0,0,20,0,0,20,20,0,0,0,0,0,0,0,0,0,0,0,0,0,0,5,0,0,0,0,100,0,0,0,0,100,0,1,0,0,1,0,0,0,0,0,0,1,20,20,1,20,20,1,20,20,5,100,0,0,0,1.66666666666667,1,0,0,0,0,0,0,0
"Samp9176","NM_Bugs_BCG","SandyBottomRivers",11,11,2.39789527279837,6,6,1,0,0,0,0,0,5,0,0,0,2,1,0,0,3,1,1,0,0,1,1,0,0,0,5,0,0,0,0,0,1,2,0,0,0,2,0,0,0,0,0,0,0,NA,NA,0,0,9.09090909090909,0,0,0,0,45.4545454545455,0,0,0,0,0,0,54.5454545454545,54.5454545454545,9.09090909090909,9.09090909090909,9.09090909090909,0,0,9.09090909090909,0,9.09090909090909,9.09090909090909,9.09090909090909,0,0,0,0,0,100,0,0,0,0,0,0,0,0,36.3636363636364,45.4545454545455,0,0,45.4545454545455,0,0,0,0,0,0,0,0,0,40,0,60,20,20,20,20,0,0,100,0,0,0,20,40,0,0,40,0,0,0,3,54.5454545454545,60,9.09090909090909,0,0,100,0,0,16.6666666666667,0,54.5454545454545,63.6363636363636,0,0,0,0,0,0,0,0,0,0,0,0,0,0,0,0,0,0,0,0,5,0,0,0,0,0,0,0,0,0,0,0,100,0,0,0,0,0,0,0,0,0,0,0,100,0,0,0,0,0,1,0,1,1,4,1,36.3636363636364,36.3636363636364,9.09090909090909,9.09090909090909,9.09090909090909,20,20,20,80,20,0,1,1,36.3636363636364,9.09090909090909,20,20,0,NA,NA,NA,1,0,1,1,2,0,0,0,0,0,4,1,18.1818181818182,0,36.3636363636364,9.09090909090909,36.3636363636364,0,0,0,0,0,18.1818181818182,20,0,20,20,40,0,0,0,0,0,NA,NA,NA,2,0,0,0,2,1,54.5454545454545,0,0,0,36.3636363636364,9.09090909090909,40,0,0,0,40,20,0,0,0,0,0,0,0,0,0,0,36.3636363636364,63.6363636363636,72.7272727272727,81.8181818181818,90.9090909090909,100,100,100,100,100,1,0,5.09090909090909,0,0,0,1.59416669911802,2.29989639116789,0.692337800660876,0.760330578512397,2.08516195712123,1.66812956569699,0.990511461673605,0,0,0,0,0,0,0,0,0,0,0,0,0,0,0,0,0,0,0,0,0,0,0,0,0,0,0,0,5,0,0,0,0,0,0,5,0,5,5,5,0,0,0,0,0,0,0,0,0,0,0,0,0,0,0,0,0,0,0,0,0,0,0,0,0,0,0,0,0,0,0,0,100,0,100,100,100,0,0,0,0,0,0,0,0,0,0,0,0,0,0,0,0,0,0,0,0,100,0,0,0,0,0,0,100,0,100,100,100,0,0,0,0,0,0,0,0,0,0,0,0,0,0,0,36.3636363636364,0,0,0,0,0,0,0,0,0,0,0,0,0,0,0,5,0,0,0,0,100,0,0,0,0,100,0,2,0,1,1,0,0,0,0,0,0,0,0,0,0,0,0,0,0,0,3,60,0,0,0,3.66666666666667,0,0,0,0,0,0,0,0
"Samp9190","NM_Bugs_BCG","SandyBottomRivers",2,2,0.693147180559945,0,0,0,0,0,0,0,0,1,0,0,0,0,0,0,0,0,0,0,0,0,0,0,0,0,0,0,0,0,0,0,1,0,0,0,0,0,0,0,0,0,0,0,1,0,NA,NA,0,0,0,0,0,0,0,0,0,0,0,0,0,0,0,100,0,0,0,0,0,0,0,0,0,0,0,0,0,0,0,0,0,0,0,0,0,0,0,100,0,0,0,0,0,0,0,0,0,100,0,0,0,0,0,0,0,0,0,0,0,0,0,0,0,0,100,0,0,0,0,0,0,0,100,0,0,0,0,0,0,0,0,0,0,0,0,100,1,100,100,1,100,100,0,0,0,0,0,0,0,0,0,0,0,0,0,0,1,0,0,0,0,0,0,0,0,0,0,0,100,0,0,0,0,0,0,0,0,0,0,0,100,0,0,0,0,0,0,0,0,0,0,0,0,0,0,0,0,0,0,0,0,0,0,0,0,0,0,0,0,0,NA,NA,NA,0,0,1,0,0,0,0,0,0,0,1,1,0,0,100,0,0,0,0,0,0,0,0,0,0,100,0,0,0,0,0,0,0,NA,NA,NA,0,0,0,0,0,0,0,0,0,0,0,0,0,0,0,0,0,0,0,0,0,0,0,0,0,0,0,0,100,100,100,100,100,100,100,100,100,100,0,0,0,0,0,0,0,0,0,0,1.44269504088896,0,0,0,0,0,0,0,0,0,0,0,0,0,0,0,0,0,0,0,0,0,0,0,0,0,0,0,0,0,0,1,0,0,0,0,0,0,1,0,1,1,1,0,0,0,0,0,0,0,0,0,0,0,0,0,0,0,0,0,0,0,0,0,0,0,0,0,0,0,0,0,0,0,0,100,0,100,100,100,0,0,0,0,0,0,0,0,0,0,0,0,0,0,0,0,0,0,0,0,100,0,0,0,0,0,0,100,0,100,100,100,0,0,0,0,0,0,0,0,0,0,0,0,0,0,0,100,0,0,0,0,0,0,0,0,0,0,0,0,0,0,0,1,0,0,0,0,100,0,0,0,0,100,0,0,0,0,0,0,0,0,0,0,0,0,0,0,0,0,0,0,0,0,0,0,0,0,0,0.666666666666667,0,0,0,0,0,0,0,0
"Samp9195","NM_Bugs_BCG","SandyBottomRivers",300,300,5.7037824746562,113,113,165,0,0,0,0,0,18,1,1,0,5,2,1,0,7,4,4,1,0,4,4,0,0,0,12,0,0,1,0,6,1,5,0,0,0,5,0,0,0,0,0,2,0,NA,NA,0.666666666666667,0.666666666666667,53,4.33333333333333,0,0,0,55.6666666666667,0,0,0,0,4.33333333333333,0,37.6666666666667,44.3333333333333,55,55,55,2,2,55,2,55,55,55,0,0,0,0,0,93.3333333333333,0,0,0,0,0,4.33333333333333,0,6.66666666666667,0.666666666666667,55.6666666666667,0,0,55.6666666666667,0,0,0,0,0.666666666666667,0,5.55555555555556,5.55555555555556,0,27.7777777777778,0,38.8888888888889,22.2222222222222,22.2222222222222,22.2222222222222,22.2222222222222,0,0,66.6666666666667,0,0,33.3333333333333,5.55555555555556,27.7777777777778,0,0,27.7777777777778,0,0,11.1111111111111,7,37.6666666666667,38.8888888888889,0,0,0.666666666666667,100,0,0,0,1.76991150442478,37.6666666666667,43.6666666666667,6,6.66666666666667,33.3333333333333,6,6.66666666666667,33.3333333333333,0,0,0,0,0,0,0,0,0,0,0,0,0,0,18,0,0,0,0,0,0,0,0,0,0,0,100,0,0,0,0,0,0,0,0,0,0,0,100,0,0,0,0,0,1,1,1,9,13,8,12,12,36,36,8.33333333333333,5.55555555555556,5.55555555555556,50,72.2222222222222,44.4444444444444,1,3,8,16.3333333333333,8.33333333333333,16.6666666666667,44.4444444444444,0,NA,NA,NA,4,3,7,1,2,0,0,0,0,0,10,4,20,37,3,38.6666666666667,1,0,0,0,0,0,57,22.2222222222222,16.6666666666667,38.8888888888889,5.55555555555556,11.1111111111111,0,0,0,0,0,NA,NA,NA,2,3,4,1,6,2,12.3333333333333,28.6666666666667,40.6666666666667,12,4.33333333333333,41,11.1111111111111,16.6666666666667,22.2222222222222,5.55555555555556,33.3333333333333,11.1111111111111,12,0,0,0,0,0,0,0,0,0,38.6666666666667,66.3333333333333,78.3333333333333,83.3333333333333,87.6666666666667,90.6666666666667,92.6666666666667,94.3333333333333,95,95.6666666666667,1,1,5.91275167785235,0,0,0,1.81492831318096,2.61838807699514,0.788213351464466,0.753288888888889,3.15580057268663,2.98047831864848,0.627922103176791,0,0,0,0,0,0,0,0,0,0,0,0,0,0,0,0,0,0,0,0,0,0,0,0,0,0,0,0,13,0,1,1,1,0,1,13,1,12,15,16,3,4,3,1,0,0,0,1,0,0,0,1,3,0,0,0,0,0,0,0,0,0,0,0,0,0,0,27.6666666666667,27.6666666666667,27.6666666666667,0,27.6666666666667,82.6666666666667,27.6666666666667,55,56,60.3333333333333,1,1,5.33333333333333,1,4.33333333333333,0,0,0,12,0,0,0,27.6666666666667,1,0,0,0,0,0,0,72.2222222222222,0,5.55555555555556,5.55555555555556,5.55555555555556,0,5.55555555555556,72.2222222222222,5.55555555555556,66.6666666666667,83.3333333333333,88.8888888888889,16.6666666666667,22.2222222222222,16.6666666666667,5.55555555555556,0,0,0,5.55555555555556,0,0,0,5.55555555555556,16.6666666666667,0,0,38.6666666666667,0.333333333333333,0,0,0,0,0,0,0,0,0,0,0,0,0,0,18,0,0,0,0,100,0,0,0,0,100,0,2,0,2,1,0,0,0,0,0,0,2,5,11.1111111111111,2,5,11.1111111111111,4,6,22.2222222222222,7,38.8888888888889,0,0,0,100,0,0,0,0,0,0,0,0
"Samp9201","NM_Bugs_BCG","SandyBottomRivers",300,300,5.7037824746562,245,257,37,8,0,0,0,0,35,0,0,0,9,6,0,0,24,8,4,3,0,8,8,0,0,0,33,0,0,0,0,2,1,9,1,0,0,9,0,0,0,4,2,0,1,NA,NA,0,0,0.333333333333333,0,6.33333333333333,0,0,13,0,0,0,0,0,0,85.6666666666667,87,12.3333333333333,9.66666666666667,3.33333333333333,3,9.33333333333333,12.3333333333333,10.6666666666667,12.3333333333333,11,12.3333333333333,0,0,1.33333333333333,10.8108108108108,50,98.6666666666667,0,0,0,0,0,0,0,1.33333333333333,0.666666666666667,13,1,0,13,0,0,2.66666666666667,1.33333333333333,0,1,0,0,0,25.7142857142857,0,68.5714285714286,22.8571428571429,11.4285714285714,22.8571428571429,22.8571428571429,0,0,94.2857142857143,0,0,5.71428571428571,2.85714285714286,25.7142857142857,2.85714285714286,0,25.7142857142857,11.4285714285714,5.71428571428571,0,21,81.6666666666667,60,15,0,3,95.3307392996109,0,0,18.3673469387755,3.6734693877551,82.6666666666667,53,2,1.33333333333333,5.71428571428571,2,1.33333333333333,5.71428571428571,0,0,0,0,0,0,0,0,0,0,0,0,0,0,35,0,0,0,0,0,0,0,0,0,0,0,100,0,0,0,0,0,0,0,0,0,0,0,100,0,0,0,0,0,4,2,4,13,22,9,2.66666666666667,2.66666666666667,19.6666666666667,19.6666666666667,11,11.4285714285714,11.4285714285714,37.1428571428571,62.8571428571429,25.7142857142857,4,10,9,8.33333333333333,11,28.5714285714286,25.7142857142857,0,NA,NA,NA,17,4,6,1,5,0,0,0,0,0,12,2,66,4.33333333333333,3.66666666666667,0.333333333333333,23.3333333333333,0,0,0,0,0,70.3333333333333,48.5714285714286,11.4285714285714,17.1428571428571,2.85714285714286,14.2857142857143,0,0,0,0,0,NA,NA,NA,11,4,9,5,12,0,11.6666666666667,50.6666666666667,56,5.33333333333333,29.6666666666667,0,31.4285714285714,11.4285714285714,25.7142857142857,14.2857142857143,34.2857142857143,0,5.33333333333333,0,0,0,0,0,0,0,0,0,39.3333333333333,53,60.6666666666667,66.6666666666667,71.6666666666667,75,78,81,83.6666666666667,85,7,3,6.17465753424658,0,0,0,2.39615849343703,3.45692597566557,1.04063841146531,0.809822222222222,6.13627889133511,5.96095663729697,0.673958906974983,0,0,0,0,0,0,0,0,0,0,0,0,0,0,0,0,0,0,0,0,0,0,0,0,0,0,0,0,27,0,2,2,2,0,2,27,2,25,32,32,7,7,7,0,0,0,0,1,0,0,0,2,7,0,0,0,0,0,0,0,0,0,0,0,0,0,0,3,3,3,0,3,93,3,90,96.6666666666667,96.6666666666667,6.66666666666667,6.66666666666667,6.66666666666667,6.66666666666667,0,0,0,0,0.333333333333333,0,0,0,3,6.66666666666667,0,0,0,0,0,0,77.1428571428571,0,5.71428571428571,5.71428571428571,5.71428571428571,0,5.71428571428571,77.1428571428571,5.71428571428571,71.4285714285714,91.4285714285714,91.4285714285714,20,20,20,0,0,0,0,2.85714285714286,0,0,0,5.71428571428571,20,0,0,39.3333333333333,3,0,0,0,0,0,0,0,0,0,0,0,0,0,0,35,0,0,0,0,100,0,0,0,0,100,0,3,0,3,1,3,0,0,0,0,0,1,1,2.85714285714286,1,1,2.85714285714286,2,1.33333333333333,5.71428571428571,12,34.2857142857143,0,0,0,100,0,0,0,0,0,0,0,0
"Samp9202","NM_Bugs_BCG","SandyBottomRivers",11,11,2.39789527279837,3,3,7,0,0,0,0,0,4,1,0,0,2,2,0,0,1,2,2,2,0,2,2,0,0,1,3,0,0,0,0,1,0,2,0,0,0,2,0,0,0,0,0,0,0,NA,NA,9.09090909090909,9.09090909090909,0,0,36.3636363636364,0,0,63.6363636363636,0,0,0,0,0,0,27.2727272727273,36.3636363636364,63.6363636363636,63.6363636363636,27.2727272727273,27.2727272727273,63.6363636363636,63.6363636363636,63.6363636363636,63.6363636363636,63.6363636363636,63.6363636363636,0,0,0,0,0,90.9090909090909,0,0,0,0,0,0,0,9.09090909090909,0,63.6363636363636,0,0,63.6363636363636,0,0,0,0,0,0,25,0,0,50,0,25,50,50,50,50,0,0,75,0,0,25,0,50,0,0,50,0,0,0,1,27.2727272727273,25,0,0,0,100,0,0,0,0,27.2727272727273,63.6363636363636,1,9.09090909090909,25,1,9.09090909090909,25,0,0,0,0,0,0,0,0,0,0,0,0,0,0,4,0,0,0,0,0,0,0,0,0,0,0,100,0,0,0,0,0,0,0,0,0,0,0,100,0,0,0,0,0,0,0,0,3,3,2,0,0,72.7272727272727,72.7272727272727,36.3636363636364,0,0,75,75,50,1,1,2,27.2727272727273,36.3636363636364,25,50,0,NA,NA,NA,3,0,0,1,0,0,0,0,0,0,1,0,72.7272727272727,0,0,27.2727272727273,0,0,0,0,0,0,72.7272727272727,75,0,0,25,0,0,0,0,0,0,NA,NA,NA,1,0,1,1,2,0,27.2727272727273,0,27.2727272727273,27.2727272727273,45.4545454545455,0,25,0,25,25,50,0,27.2727272727273,0,0,0,0,0,0,0,0,0,36.3636363636364,63.6363636363636,90.9090909090909,100,100,100,100,100,100,100,1,0,7.09090909090909,0,0,0,1.2945451658449,1.86763389097121,0.562213822100968,0.710743801652893,1.66812956569699,1.25109717427274,0.933816945485606,0,0,0,0,0,0,0,0,0,0,0,0,0,0,0,0,0,0,0,0,0,0,0,0,0,0,0,0,3,0,0,0,0,0,0,3,0,3,4,4,1,1,1,0,0,0,0,0,0,0,0,0,1,0,0,0,0,0,0,0,0,0,0,0,0,0,0,0,0,0,0,0,72.7272727272727,0,72.7272727272727,100,100,27.2727272727273,27.2727272727273,27.2727272727273,27.2727272727273,0,0,0,0,0,0,0,0,0,27.2727272727273,0,0,0,0,0,0,75,0,0,0,0,0,0,75,0,75,100,100,25,25,25,0,0,0,0,0,0,0,0,0,25,0,0,36.3636363636364,27.2727272727273,0,0,0,0,0,0,0,0,0,0,0,0,0,0,4,0,0,0,0,100,0,0,0,0,100,0,1,0,2,0,0,0,0,0,0,0,1,9.09090909090909,25,1,9.09090909090909,25,1,9.09090909090909,25,1,25,0,0,0,3.66666666666667,0,0,0,0,0,0,0,0
"Samp9208","NM_Bugs_BCG","SandyBottomRivers",6,6,1.79175946922805,1,1,1,0,0,0,0,0,3,0,0,0,2,2,0,0,1,1,1,1,0,1,1,0,0,0,3,0,0,0,0,0,1,2,0,0,0,2,0,0,0,0,0,0,0,NA,NA,0,0,0,0,0,0,0,83.3333333333333,0,0,0,0,0,0,16.6666666666667,16.6666666666667,16.6666666666667,16.6666666666667,16.6666666666667,16.6666666666667,16.6666666666667,16.6666666666667,16.6666666666667,16.6666666666667,16.6666666666667,16.6666666666667,0,0,0,0,0,100,0,0,0,0,0,0,0,0,66.6666666666667,83.3333333333333,0,0,83.3333333333333,0,0,0,0,0,0,0,0,0,66.6666666666667,0,33.3333333333333,33.3333333333333,33.3333333333333,33.3333333333333,33.3333333333333,0,0,100,0,0,0,33.3333333333333,66.6666666666667,0,0,66.6666666666667,0,0,0,1,16.6666666666667,33.3333333333333,0,0,0,100,0,0,0,0,16.6666666666667,83.3333333333333,0,0,0,0,0,0,0,0,0,0,0,0,0,0,0,0,0,0,0,0,3,0,0,0,0,0,0,0,0,0,0,0,100,0,0,0,0,0,0,0,0,0,0,0,100,0,0,0,0,0,1,0,1,1,1,1,66.6666666666667,66.6666666666667,16.6666666666667,16.6666666666667,16.6666666666667,33.3333333333333,33.3333333333333,33.3333333333333,33.3333333333333,33.3333333333333,0,2,1,83.3333333333333,16.6666666666667,66.6666666666667,33.3333333333333,0,NA,NA,NA,1,0,2,0,0,0,0,0,0,0,2,1,16.6666666666667,0,83.3333333333333,0,0,0,0,0,0,0,16.6666666666667,33.3333333333333,0,66.6666666666667,0,0,0,0,0,0,0,NA,NA,NA,1,0,0,0,2,0,66.6666666666667,0,0,0,33.3333333333333,0,33.3333333333333,0,0,0,66.6666666666667,0,0,0,0,0,0,0,0,0,0,0,66.6666666666667,83.3333333333333,100,100,100,100,100,100,100,100,1,0,4.16666666666667,0,0,0,0.867563228481461,1.25162916738782,0.376777922831669,0.5,1.67433187965374,1.11622125310249,0.789690082142847,0,0,0,0,0,0,0,0,0,0,0,0,0,0,0,0,0,0,0,0,0,0,0,0,0,0,0,0,2,0,0,0,0,0,0,2,0,2,3,3,1,1,1,0,0,0,0,0,0,0,0,0,1,0,0,0,0,0,0,0,0,0,0,0,0,0,0,0,0,0,0,0,83.3333333333333,0,83.3333333333333,100,100,16.6666666666667,16.6666666666667,16.6666666666667,16.6666666666667,0,0,0,0,0,0,0,0,0,16.6666666666667,0,0,0,0,0,0,66.6666666666667,0,0,0,0,0,0,66.6666666666667,0,66.6666666666667,100,100,33.3333333333333,33.3333333333333,33.3333333333333,0,0,0,0,0,0,0,0,0,33.3333333333333,0,0,66.6666666666667,16.6666666666667,0,0,0,0,0,0,0,0,0,0,0,0,0,0,3,0,0,0,0,100,0,0,0,0,100,0,2,0,1,1,0,0,0,0,0,0,0,0,0,0,0,0,0,0,0,2,66.6666666666667,0,0,0,2,0,0,0,0,0,0,0,0
"Samp9209","NM_Bugs_BCG","SandyBottomRivers",300,300,5.7037824746562,71,122,15,1,0,0,0,0,20,1,1,0,4,3,1,0,10,3,2,1,0,3,3,0,0,0,14,0,0,1,0,6,1,4,1,0,0,4,0,0,1,1,1,2,1,NA,NA,0.333333333333333,0.333333333333333,0.666666666666667,46.3333333333333,0,0,0,5.66666666666667,0,0,0,0,46.3333333333333,0,40.6666666666667,94.3333333333333,5,4.66666666666667,4.66666666666667,4,4,5,4.33333333333333,5,5,5,0,0,0,0,0,46.3333333333333,0,0,0,0,0,46.3333333333333,0,53.6666666666667,0.666666666666667,5.66666666666667,0.666666666666667,0,5.66666666666667,0,0,0.333333333333333,0.333333333333333,3.66666666666667,0.666666666666667,5,5,0,20,0,50,15,10,15,15,0,0,70,0,0,30,5,20,5,0,20,5,5,10,8,23.6666666666667,40,0,0,3,58.1967213114754,0,0,0,12.6760563380282,24.3333333333333,56.6666666666667,6,53.6666666666667,30,6,53.6666666666667,30,0,0,0,0,0,0,0,0,0,0,0,0,0,0,20,0,0,0,0,0,0,0,0,0,0,0,100,0,0,0,0,0,0,0,0,0,0,0,100,0,0,0,0,0,3,2,3,8,13,6,6.33333333333333,6.33333333333333,15.3333333333333,15.3333333333333,5.66666666666667,15,15,40,65,30,1,4,6,10.3333333333333,5.66666666666667,20,30,0,NA,NA,NA,8,3,5,1,1,0,0,0,0,0,7,5,17,55,22.3333333333333,0.666666666666667,0.333333333333333,0,0,0,0,0,72,40,15,25,5,5,0,0,0,0,0,NA,NA,NA,6,4,5,1,4,1,64,15.6666666666667,16.6666666666667,1,8,0.666666666666667,30,20,25,5,20,5,1,0,0,0,0,0,0,0,0,0,46.3333333333333,56.6666666666667,65,71.3333333333333,76.3333333333333,79.3333333333333,82,84.6666666666667,86.6666666666667,88.6666666666667,3,2,5.94285714285714,0,0,0,2.09756594262649,3.02614798336481,0.910961314310875,0.756777777777778,3.50644508076292,3.33112282672478,0.700184713147959,0,0,0,0,0,0,0,0,0,0,0,0,0,0,0,0,0,0,0,0,0,0,0,0,0,0,0,0,17,0,3,3,3,0,3,17,3,14,16,17,2,3,2,1,0,0,0,0,0,0,0,3,2,0,0,0,0,0,0,0,0,0,0,0,0,0,0,14.3333333333333,14.3333333333333,14.3333333333333,0,14.3333333333333,52,14.3333333333333,37.6666666666667,39.3333333333333,85.6666666666667,1.66666666666667,1.66666666666667,48,1.66666666666667,46.3333333333333,0,0,0,0,0,0,0,14.3333333333333,1.66666666666667,0,0,0,0,0,0,85,0,15,15,15,0,15,85,15,70,80,85,10,15,10,5,0,0,0,0,0,0,0,15,10,0,0,10.3333333333333,1,0,0,0,0,0,0,0,0,0,0,0,0,0,0,20,0,0,0,0,100,0,0,0,0,100,0,3,0,2,1,1,0,0,0,0,0,3,47.3333333333333,15,3,47.3333333333333,15,4,50,20,3,15,0,0,0,100,0,0,0,0,0,0,0,0
"Samp9211","NM_Bugs_BCG","SandyBottomRivers",14,14,2.63905732961526,2,4,1,0,0,0,0,0,7,0,0,1,3,3,2,0,2,2,1,1,0,1,1,2,0,0,5,0,0,2,0,2,1,2,0,0,0,2,0,0,0,0,0,0,0,NA,NA,0,0,0,0,7.14285714285714,0,14.2857142857143,28.5714285714286,0,28.5714285714286,0,0,42.8571428571429,0,28.5714285714286,71.4285714285714,21.4285714285714,7.14285714285714,0,0,7.14285714285714,7.14285714285714,7.14285714285714,7.14285714285714,7.14285714285714,7.14285714285714,42.8571428571429,0,0,0,0,57.1428571428571,0,42.8571428571429,0,0,0,42.8571428571429,0,42.8571428571429,7.14285714285714,14.2857142857143,0,0,14.2857142857143,0,0,0,0,0,0,0,0,14.2857142857143,42.8571428571429,0,28.5714285714286,28.5714285714286,14.2857142857143,14.2857142857143,14.2857142857143,28.5714285714286,0,71.4285714285714,0,0,28.5714285714286,14.2857142857143,28.5714285714286,0,0,28.5714285714286,0,0,0,1,14.2857142857143,14.2857142857143,0,0,0,50,0,0,0,0,14.2857142857143,42.8571428571429,2,42.8571428571429,28.5714285714286,2,42.8571428571429,28.5714285714286,0,0,0,0,0,0,0,0,0,0,0,0,0,0,7,0,0,0,0,0,0,0,0,0,0,0,100,0,0,0,0,0,0,0,0,0,0,0,100,0,0,0,0,0,1,0,1,2,4,1,7.14285714285714,7.14285714285714,35.7142857142857,35.7142857142857,28.5714285714286,14.2857142857143,14.2857142857143,28.5714285714286,57.1428571428571,14.2857142857143,0,2,1,21.4285714285714,28.5714285714286,28.5714285714286,14.2857142857143,0,NA,NA,NA,2,0,2,2,0,0,0,0,0,0,4,2,21.4285714285714,0,21.4285714285714,42.8571428571429,0,0,0,0,0,0,21.4285714285714,28.5714285714286,0,28.5714285714286,28.5714285714286,0,0,0,0,0,0,NA,NA,NA,2,2,2,0,2,1,21.4285714285714,42.8571428571429,42.8571428571429,0,21.4285714285714,14.2857142857143,28.5714285714286,28.5714285714286,28.5714285714286,0,28.5714285714286,14.2857142857143,0,0,0,0,0,0,0,0,0,0,28.5714285714286,42.8571428571429,57.1428571428571,71.4285714285714,85.7142857142857,92.8571428571429,100,100,100,100,1,0,6.33333333333333,0,0,0,1.84688912326104,2.66449777920046,0.802093754919402,0.826530612244898,2.65246227182966,2.27353909013971,0.949113258984568,0,0,0,0,0,0,0,0,0,0,0,0,0,0,0,0,0,0,0,0,0,0,0,0,0,0,0,0,5,0,0,0,0,0,0,5,0,5,6,6,1,1,1,0,0,0,0,1,0,0,0,0,1,0,0,0,0,0,0,0,0,0,0,0,0,0,0,0,0,0,0,0,57.1428571428571,0,57.1428571428571,85.7142857142857,85.7142857142857,28.5714285714286,28.5714285714286,28.5714285714286,28.5714285714286,0,0,0,0,14.2857142857143,0,0,0,0,28.5714285714286,0,0,0,0,0,0,71.4285714285714,0,0,0,0,0,0,71.4285714285714,0,71.4285714285714,85.7142857142857,85.7142857142857,14.2857142857143,14.2857142857143,14.2857142857143,0,0,0,0,14.2857142857143,0,0,0,0,14.2857142857143,0,0,14.2857142857143,28.5714285714286,0,0,0,0,0,0,0,0,0,0,0,0,0,0,7,0,0,0,0,100,0,0,0,0,100,0,3,1,1,1,0,0,0,0,0,0,2,42.8571428571429,28.5714285714286,2,42.8571428571429,28.5714285714286,2,42.8571428571429,28.5714285714286,2,28.5714285714286,0,0,0,4.66666666666667,2,0,0,0,0,0,0,0
"Samp9212","NM_Bugs_BCG","SandyBottomRivers",207,207,5.33271879326537,175,189,6,4,0,0,0,0,16,0,0,0,3,3,1,0,11,2,1,1,0,2,2,1,0,0,14,0,0,1,0,2,1,3,1,0,0,3,0,0,0,1,1,0,1,NA,NA,0,0,0,0,0.966183574879227,0,0,6.28019323671498,0,0,0,0,0.483091787439614,0,91.304347826087,93.719806763285,2.89855072463768,0.966183574879227,0,0,0.966183574879227,2.89855072463768,2.89855072463768,2.89855072463768,2.89855072463768,2.89855072463768,0.483091787439614,0,0,0,0,97.5845410628019,0,0.483091787439614,0,0,0,0.483091787439614,0,2.41545893719807,3.38164251207729,6.28019323671498,1.93236714975845,0,6.28019323671498,0,0,1.93236714975845,1.93236714975845,0,1.93236714975845,0,0,0,18.75,0,68.75,12.5,6.25,12.5,12.5,6.25,0,87.5,0,0,12.5,6.25,18.75,6.25,0,18.75,6.25,6.25,0,9,84.5410628019324,56.25,0,0,9.17874396135266,92.5925925925926,0,0,0,10.8571428571429,86.4734299516908,54.1062801932367,2,2.41545893719807,12.5,2,2.41545893719807,12.5,0,0,0,0,0,0,0,0,0,0,0,0,0,0,16,0,0,0,0,0,0,0,0,0,0,0,100,0,0,0,0,0,0,0,0,0,0,0,100,0,0,0,0,0,1,0,1,9,14,8,3.38164251207729,3.38164251207729,34.2995169082126,34.2995169082126,33.3333333333333,6.25,6.25,56.25,87.5,50,0,2,8,17.8743961352657,33.3333333333333,12.5,50,0,NA,NA,NA,8,1,5,1,1,0,0,0,0,0,7,3,24.6376811594203,0.966183574879227,34.2995169082126,0.483091787439614,39.6135265700483,0,0,0,0,0,25.6038647342995,50,6.25,31.25,6.25,6.25,0,0,0,0,0,NA,NA,NA,8,2,4,2,4,0,32.3671497584541,40.0966183574879,42.512077294686,2.41545893719807,25.1207729468599,0,50,12.5,25,12.5,25,0,2.41545893719807,0,0,0,0,0,0,0,0,0,39.6135265700483,54.1062801932367,68.1159420289855,77.2946859903382,83.0917874396135,86.9565217391304,89.3719806763285,91.304347826087,93.2367149758454,94.2028985507246,1,0,6.51690821256039,0,0,0,2.00177073632369,2.88794471429084,0.869357984820788,0.787276249154006,3.0003457186241,2.81282411121009,0.721986178572709,0,0,0,0,0,0,0,0,0,0,0,0,0,0,0,0,0,0,0,0,0,0,0,0,0,0,0,0,11,0,0,0,0,0,0,11,0,11,16,16,5,5,5,0,0,0,0,0,0,0,0,0,5,0,0,0,0,0,0,0,0,0,0,0,0,0,0,0,0,0,0,0,72.9468599033816,0,72.9468599033816,100,100,27.0531400966184,27.0531400966184,27.0531400966184,27.0531400966184,0,0,0,0,0,0,0,0,0,27.0531400966184,0,0,0,0,0,0,68.75,0,0,0,0,0,0,68.75,0,68.75,100,100,31.25,31.25,31.25,0,0,0,0,0,0,0,0,0,31.25,0,0,39.6135265700483,14.0096618357488,0,0,0,0,0,0,0,0,0,0,0,0,0,0,16,0,0,0,0,100,0,0,0,0,100,0,3,0,1,1,1,0,0,0,0,0,2,2.41545893719807,12.5,2,2.41545893719807,12.5,2,2.41545893719807,12.5,3,18.75,0,0,0,69,1,0,0,0,0,0,0,0
"Samp9214","NM_Bugs_BCG","SandyBottomRivers",100,100,4.60517018598809,53,92,1,0,0,0,0,0,7,0,0,1,3,2,0,0,3,2,1,0,0,1,1,0,0,0,6,0,0,0,0,1,1,2,1,0,0,2,0,0,0,0,0,0,1,NA,NA,0,0,1,0,0,0,1,7,0,0,0,0,0,0,92,93,2,1,1,0,0,1,0,1,1,1,0,0,0,0,0,99,0,0,0,0,0,0,0,1,5,6,1,0,6,0,0,0,0,0,1,0,0,14.2857142857143,42.8571428571429,0,42.8571428571429,28.5714285714286,14.2857142857143,14.2857142857143,14.2857142857143,0,0,85.7142857142857,0,0,14.2857142857143,14.2857142857143,28.5714285714286,14.2857142857143,0,28.5714285714286,0,0,0,1,53,14.2857142857143,0,0,0,57.6086956521739,0,0,0,0,54,83,1,1,14.2857142857143,1,1,14.2857142857143,0,0,0,0,0,0,0,0,0,0,0,0,0,0,7,0,0,0,0,0,0,0,0,0,0,0,100,0,0,0,0,0,0,0,0,0,0,0,100,0,0,0,0,0,0,0,0,2,5,2,0,0,6,6,6,0,0,28.5714285714286,71.4285714285714,28.5714285714286,0,2,2,2,6,28.5714285714286,28.5714285714286,0,NA,NA,NA,2,0,3,1,1,0,0,0,0,0,5,3,2,0,44,1,53,0,0,0,0,0,2,28.5714285714286,0,42.8571428571429,14.2857142857143,14.2857142857143,0,0,0,0,0,NA,NA,NA,2,2,2,0,1,2,9,58,58,0,31,2,28.5714285714286,28.5714285714286,28.5714285714286,0,14.2857142857143,28.5714285714286,0,0,0,0,0,0,0,0,0,0,53,83,91,96,97,98,99,100,100,100,1,0,6.16,0,0,0,1.23372903835073,1.77989476542931,0.535801713519527,0.6198,1.52003068666138,1.30288344570976,0.634011307741866,0,0,0,0,0,0,0,0,0,0,0,0,0,0,0,0,0,0,0,0,0,0,0,0,0,0,0,0,5,0,0,0,0,0,0,5,0,5,6,6,1,1,1,0,0,0,0,1,0,0,0,0,1,0,0,0,0,0,0,0,0,0,0,0,0,0,0,0,0,0,0,0,98,0,98,99,99,1,1,1,1,0,0,0,0,1,0,0,0,0,1,0,0,0,0,0,0,71.4285714285714,0,0,0,0,0,0,71.4285714285714,0,71.4285714285714,85.7142857142857,85.7142857142857,14.2857142857143,14.2857142857143,14.2857142857143,0,0,0,0,14.2857142857143,0,0,0,0,14.2857142857143,0,0,53,1,0,0,0,0,0,0,0,0,0,0,0,0,0,0,7,0,0,0,0,100,0,0,0,0,100,0,3,1,1,1,0,0,0,0,0,0,1,1,14.2857142857143,1,1,14.2857142857143,1,1,14.2857142857143,4,57.1428571428571,0,0,0,33.3333333333333,0,0,0,0,0,0,0,0
"Samp9215","NM_Bugs_BCG","SandyBottomRivers",105,105,4.65396035015752,97,104,0,0,0,0,0,0,18,0,0,1,1,1,0,0,17,1,0,0,0,0,0,0,0,0,18,0,0,0,0,0,0,0,0,0,0,0,0,0,0,0,0,0,0,NA,NA,0,0,0,0,0,0,0.952380952380952,0.952380952380952,0,0,0,0,0,0,99.0476190476191,99.0476190476191,0.952380952380952,0,0,0,0,0,0,0,0,0,0,0,0,0,0,100,0,0,0,0,0,0,0,0,0,0,0,0,0,0,0,0,0,0,0,0,0,5.55555555555556,5.55555555555556,0,94.4444444444444,5.55555555555556,0,0,0,0,0,100,0,0,0,0,0,0,0,0,0,0,0,15,92.3809523809524,83.3333333333333,1.9047619047619,0,4.76190476190476,93.2692307692308,0,0,2.06185567010309,5.15463917525773,92.3809523809524,61.9047619047619,0,0,0,0,0,0,0,0.952380952380952,0,0,0,0,0,0,0,0,0,0,0,0,18,0,0,0,0,0,0,0,0,0,0,0,100,0,0,0,0,0,0,0,0,0,0,0,100,0,0,0,0,0,0,0,0,12,17,9,0,0,80,80,77.1428571428571,0,0,66.6666666666667,94.4444444444444,50,0,0,9,0,77.1428571428571,0,50,0,NA,NA,NA,7,2,4,1,3,0,0,0,0,0,8,1,67.6190476190476,4.76190476190476,13.3333333333333,0.952380952380952,12.3809523809524,0,0,0,0,0,72.3809523809524,38.8888888888889,11.1111111111111,22.2222222222222,5.55555555555556,16.6666666666667,0,0,0,0,0,NA,NA,NA,8,2,3,1,6,0,76.1904761904762,10.4761904761905,11.4285714285714,0.952380952380952,11.4285714285714,0,44.4444444444444,11.1111111111111,16.6666666666667,5.55555555555556,33.3333333333333,0,0.952380952380952,0,0,0,0,0,0,0,0,0,52.3809523809524,61.9047619047619,67.6190476190476,73.3333333333333,79.0476190476191,82.8571428571429,86.6666666666667,88.5714285714286,90.4761904761905,92.3809523809524,0,0,8.77884615384615,0,0,0,1.88319764028943,2.71687989665935,0.817862343510923,0.702040816326531,3.86767368986948,3.65280292932117,0.65154166938725,0,0,0,0,0,0,0,0,0,0,0,0,0,0,0,0,0,0,0,0,0,0,0,0,0,0,0,0,12,0,1,1,1,0,1,12,1,11,17,17,6,6,6,0,0,0,0,0,0,0,0,1,6,0,0,0,0,0,0,0,0,0,0,0,0,0,0,0.952380952380952,0.952380952380952,0.952380952380952,0,0.952380952380952,38.0952380952381,0.952380952380952,37.1428571428571,99.0476190476191,99.0476190476191,61.9047619047619,61.9047619047619,61.9047619047619,61.9047619047619,0,0,0,0,0,0,0,0,0.952380952380952,61.9047619047619,0,0,0,0,0,0,66.6666666666667,0,5.55555555555556,5.55555555555556,5.55555555555556,0,5.55555555555556,66.6666666666667,5.55555555555556,61.1111111111111,94.4444444444444,94.4444444444444,33.3333333333333,33.3333333333333,33.3333333333333,0,0,0,0,0,0,0,0,5.55555555555556,33.3333333333333,0,0,9.52380952380952,52.3809523809524,0,0,0,0,0,0,0,0,0,0,0,0,0,0,18,0,0,0,0,100,0,0,0,0,100,0,1,1,0,0,0,0,0,0,0,0,0,0,0,0,0,0,0,0,0,8,44.4444444444444,0,0,0,35,0,0,0,0,0,0,0,0
"Samp9217","NM_Bugs_BCG","SandyBottomRivers",78,78,4.35670882668959,68,68,5,0,0,0,0,0,17,0,0,0,4,3,1,0,12,2,2,1,0,2,2,1,0,0,16,0,0,1,0,1,2,4,0,0,0,4,0,0,0,0,0,0,0,NA,NA,0,0,1.28205128205128,0,5.12820512820513,0,0,11.5384615384615,0,1.28205128205128,0,0,1.28205128205128,0,87.1794871794872,88.4615384615385,6.41025641025641,6.41025641025641,1.28205128205128,0,5.12820512820513,6.41025641025641,5.12820512820513,6.41025641025641,6.41025641025641,6.41025641025641,1.28205128205128,0,0,0,0,98.7179487179487,0,1.28205128205128,0,0,0,1.28205128205128,0,1.28205128205128,5.12820512820513,11.5384615384615,0,0,11.5384615384615,0,0,0,0,0,0,0,0,0,23.5294117647059,0,70.5882352941177,11.7647058823529,11.7647058823529,11.7647058823529,11.7647058823529,5.88235294117647,0,94.1176470588235,0,0,5.88235294117647,11.7647058823529,23.5294117647059,0,0,23.5294117647059,0,0,0,12,87.1794871794872,70.5882352941177,38.4615384615385,0,1.28205128205128,100,0,0,44.1176470588235,1.47058823529412,87.1794871794872,57.6923076923077,1,1.28205128205128,5.88235294117647,1,1.28205128205128,5.88235294117647,0,0,0,0,0,0,0,0,0,0,0,0,0,0,17,0,0,0,0,0,0,0,0,0,0,0,100,0,0,0,0,0,0,0,0,0,0,0,100,0,0,0,0,0,2,1,2,9,12,8,3.84615384615385,3.84615384615385,28.2051282051282,28.2051282051282,19.2307692307692,11.7647058823529,11.7647058823529,52.9411764705882,70.5882352941177,47.0588235294118,1,4,8,7.69230769230769,19.2307692307692,23.5294117647059,47.0588235294118,0,NA,NA,NA,8,1,4,1,2,0,0,0,0,0,7,2,44.8717948717949,1.28205128205128,8.97435897435897,1.28205128205128,38.4615384615385,0,0,0,0,0,46.1538461538462,47.0588235294118,5.88235294117647,23.5294117647059,5.88235294117647,11.7647058823529,0,0,0,0,0,NA,NA,NA,6,4,4,0,5,1,16.6666666666667,25.6410256410256,25.6410256410256,0,51.2820512820513,1.28205128205128,35.2941176470588,23.5294117647059,23.5294117647059,0,29.4117647058824,5.88235294117647,0,0,0,0,0,0,0,0,0,0,37.1794871794872,57.6923076923077,66.6666666666667,71.7948717948718,75.6410256410256,79.4871794871795,82.0512820512821,84.6153846153846,87.1794871794872,89.7435897435897,4,2,6.37837837837838,0,0,0,2.11693071578037,3.05408544556187,0.919371328434917,0.801775147928994,3.9020280391144,3.67249697799003,0.747183659932095,0,0,0,0,0,0,0,0,0,0,0,0,0,0,0,0,0,0,0,0,0,0,0,0,0,0,0,0,13,0,0,0,0,0,0,13,0,13,17,17,4,4,4,0,0,0,0,0,0,0,0,0,4,0,0,0,0,0,0,0,0,0,0,0,0,0,0,0,0,0,0,0,91.025641025641,0,91.025641025641,100,100,8.97435897435897,8.97435897435897,8.97435897435897,8.97435897435897,0,0,0,0,0,0,0,0,0,8.97435897435897,0,0,0,0,0,0,76.4705882352941,0,0,0,0,0,0,76.4705882352941,0,76.4705882352941,100,100,23.5294117647059,23.5294117647059,23.5294117647059,0,0,0,0,0,0,0,0,0,23.5294117647059,0,0,37.1794871794872,3.84615384615385,0,0,0,0,0,0,0,0,0,0,0,0,0,0,17,0,0,0,0,100,0,0,0,0,100,0,2,0,2,2,0,0,0,0,0,0,1,1.28205128205128,5.88235294117647,1,1.28205128205128,5.88235294117647,1,1.28205128205128,5.88235294117647,6,35.2941176470588,0,0,0,26,1,0,0,0,0,0,0,0
"Samp9219","NM_Bugs_BCG","SandyBottomRivers",50,50,3.91202300542815,36,38,4,0,0,0,0,0,12,0,0,0,3,3,0,0,8,1,1,1,0,1,1,0,0,0,11,0,0,0,0,1,2,3,0,0,0,3,0,0,0,0,0,0,0,NA,NA,0,0,0,0,8,0,0,22,0,0,0,0,0,0,76,78,8,8,0,0,8,8,8,8,8,8,0,0,0,0,0,98,0,2,0,0,0,0,0,2,14,22,0,0,22,0,0,0,0,0,0,0,0,0,25,0,66.6666666666667,8.33333333333333,8.33333333333333,8.33333333333333,8.33333333333333,0,0,91.6666666666667,0,0,8.33333333333333,16.6666666666667,25,0,0,25,0,0,0,7,72,58.3333333333333,0,0,14,94.7368421052632,0,0,0,19.4444444444444,74,44,1,2,8.33333333333333,1,2,8.33333333333333,0,0,0,0,0,0,0,0,0,0,0,0,0,0,12,0,0,0,0,0,0,0,0,0,0,0,100,0,0,0,0,0,0,0,0,0,0,0,100,0,0,0,0,0,1,0,1,8,11,6,6,6,72,72,62,8.33333333333333,8.33333333333333,66.6666666666667,91.6666666666667,50,0,1,6,6,62,8.33333333333333,50,0,NA,NA,NA,4,1,6,0,1,0,0,0,0,0,7,3,54,8,32,0,6,0,0,0,0,0,62,33.3333333333333,8.33333333333333,50,0,8.33333333333333,0,0,0,0,0,NA,NA,NA,5,2,2,0,5,0,60,14,14,0,26,0,41.6666666666667,16.6666666666667,16.6666666666667,0,41.6666666666667,0,0,0,0,0,0,0,0,0,0,0,32,44,54,62,70,78,84,90,94,96,1,0,8.1,0,0,0,2.15656967822929,3.11127238011291,0.936586311094854,0.844,3.06746662362398,2.81184440498865,0.867867482431697,0,0,0,0,0,0,0,0,0,0,0,0,0,0,0,0,0,0,0,0,0,0,0,0,0,0,0,0,7,0,0,0,0,0,0,7,0,7,12,12,5,5,5,0,0,0,0,0,0,0,0,0,5,0,0,0,0,0,0,0,0,0,0,0,0,0,0,0,0,0,0,0,58,0,58,100,100,42,42,42,42,0,0,0,0,0,0,0,0,0,42,0,0,0,0,0,0,58.3333333333333,0,0,0,0,0,0,58.3333333333333,0,58.3333333333333,100,100,41.6666666666667,41.6666666666667,41.6666666666667,0,0,0,0,0,0,0,0,0,41.6666666666667,0,0,12,32,0,0,0,0,0,0,0,0,0,0,0,0,0,0,12,0,0,0,0,100,0,0,0,0,100,0,2,0,1,2,0,0,0,0,0,0,1,2,8.33333333333333,1,2,8.33333333333333,1,2,8.33333333333333,3,25,0,0,0,16.6666666666667,0,0,0,0,0,0,0,0
"Samp9220","NM_Bugs_BCG","SandyBottomRivers",34,34,3.52636052461616,16,19,8,0,0,0,0,0,8,0,0,0,3,3,0,0,4,2,2,2,0,2,2,0,0,0,7,0,0,0,0,1,1,3,0,0,0,3,0,0,0,0,0,1,0,NA,NA,0,0,0,0,8.82352941176471,0,0,35.2941176470588,0,0,0,0,0,0,55.8823529411765,64.7058823529412,23.5294117647059,23.5294117647059,14.7058823529412,14.7058823529412,23.5294117647059,23.5294117647059,23.5294117647059,23.5294117647059,23.5294117647059,23.5294117647059,0,0,0,0,0,91.1764705882353,0,0,0,0,0,0,0,8.82352941176471,11.7647058823529,35.2941176470588,0,0,35.2941176470588,0,0,0,0,8.82352941176471,0,0,0,0,37.5,0,50,25,25,25,25,0,0,87.5,0,0,12.5,12.5,37.5,0,0,37.5,0,0,12.5,3,47.0588235294118,37.5,0,0,32.3529411764706,84.2105263157895,0,0,0,68.75,47.0588235294118,41.1764705882353,1,8.82352941176471,12.5,1,8.82352941176471,12.5,0,0,0,0,0,0,0,0,0,0,0,0,0,0,8,0,0,0,0,0,0,0,0,0,0,0,100,0,0,0,0,0,0,0,0,0,0,0,100,0,0,0,0,0,2,1,2,2,4,2,26.4705882352941,26.4705882352941,41.1764705882353,41.1764705882353,41.1764705882353,25,25,25,50,25,1,2,2,26.4705882352941,41.1764705882353,25,25,0,NA,NA,NA,1,1,5,0,1,0,0,0,0,0,6,3,17.6470588235294,14.7058823529412,70.5882352941177,0,2.94117647058824,0,0,0,0,0,17.6470588235294,12.5,12.5,62.5,0,12.5,0,0,0,0,0,NA,NA,NA,3,1,1,0,2,0,38.2352941176471,2.94117647058824,2.94117647058824,0,41.1764705882353,0,37.5,12.5,12.5,0,25,0,0,0,0,0,0,0,0,0,0,0,32.3529411764706,47.0588235294118,55.8823529411765,64.7058823529412,73.5294117647059,82.3529411764706,88.2352941176471,94.1176470588235,97.0588235294118,100,2,1,5.71428571428571,0,0,0,2.04459659081588,2.94972936218855,0.887957017109536,0.833910034602076,2.26862793641067,1.98504944435933,0.983243120729516,0,0,0,0,0,0,0,0,0,0,0,0,0,0,0,0,0,0,0,0,0,0,0,0,0,0,0,1,6,1,1,1,1,1,1,6,0,5,7,7,2,2,2,0,0,0,0,0,0,0,0,1,2,1,1,1,0,0,0,1,0,0,0,0,0,14.7058823529412,14.7058823529412,14.7058823529412,14.7058823529412,14.7058823529412,14.7058823529412,14.7058823529412,58.8235294117647,0,44.1176470588235,85.2941176470588,85.2941176470588,41.1764705882353,41.1764705882353,41.1764705882353,41.1764705882353,0,0,0,0,0,0,0,0,14.7058823529412,41.1764705882353,14.7058823529412,14.7058823529412,0,0,0,12.5,75,12.5,12.5,12.5,12.5,12.5,12.5,75,0,62.5,87.5,87.5,25,25,25,0,0,0,0,0,0,0,0,12.5,25,12.5,12.5,8.82352941176471,32.3529411764706,0,0,0,0,0,0,0,0,0,0,0,0,0,0,8,0,0,0,0,100,0,0,0,0,100,0,2,0,2,1,0,0,0,0,0,0,0,0,0,0,0,0,0,0,0,1,12.5,0,0,0,11.3333333333333,0,0,0,0,0,0,0,0
"Samp9221","NM_Bugs_BCG","SandyBottomRivers",300,300,5.7037824746562,108,115,112,18,0,0,0,0,36,0,0,3,13,11,0,0,19,11,5,3,0,8,8,0,1,0,33,0,0,0,0,3,2,10,1,0,0,10,0,0,1,3,3,2,1,NA,NA,0,0,14.6666666666667,0,16.3333333333333,0,19.3333333333333,59,0,0,0,0,0,0,38.3333333333333,40.3333333333333,56.6666666666667,31.3333333333333,15,0.333333333333333,16.6666666666667,37.3333333333333,22.6666666666667,37.3333333333333,37.3333333333333,37.3333333333333,0,0.666666666666667,0,0,0,98,0,0,0,0,0,0,0,2,2.33333333333333,39.6666666666667,1.33333333333333,0,39.6666666666667,0,0,6,6,0.666666666666667,1.33333333333333,0,0,8.33333333333333,36.1111111111111,0,52.7777777777778,30.5555555555556,13.8888888888889,22.2222222222222,22.2222222222222,0,2.77777777777778,91.6666666666667,0,0,8.33333333333333,5.55555555555556,27.7777777777778,2.77777777777778,0,27.7777777777778,8.33333333333333,8.33333333333333,5.55555555555556,16,36,44.4444444444444,2.33333333333333,0,3,93.9130434782609,0,0,6.48148148148148,8.33333333333333,37.3333333333333,33.3333333333333,2,1.66666666666667,5.55555555555556,2,1.66666666666667,5.55555555555556,0,1.66666666666667,0,0,0,0,0,0,0,0,0,0,0,0,36,0,0,0,0,0,0,0,0,0,0,0,100,0,0,0,0,0,0,0,0,0,0,0,100,0,0,0,0,0,3,0,3,16,25,11,7.33333333333333,7.33333333333333,59,59,24.3333333333333,8.33333333333333,8.33333333333333,44.4444444444444,69.4444444444444,30.5555555555556,1,6,11,17,24.3333333333333,16.6666666666667,30.5555555555556,0,NA,NA,NA,14,1,12,2,4,0,0,0,0,0,18,8,50,3.66666666666667,30.3333333333333,3.33333333333333,11.3333333333333,0,0,0,0,0,53.6666666666667,38.8888888888889,2.77777777777778,33.3333333333333,5.55555555555556,11.1111111111111,0,0,0,0,0,NA,NA,NA,8,6,9,3,12,3,16,20,21.6666666666667,1.66666666666667,29,15,22.2222222222222,16.6666666666667,25,8.33333333333333,33.3333333333333,8.33333333333333,1.66666666666667,0,0,0,0,0,0,0,0,0,17.3333333333333,33.3333333333333,42,48.6666666666667,54,58.6666666666667,63.3333333333333,68,71.6666666666667,75.3333333333333,4,0,6.54266211604096,0,0,0,2.93055361102188,4.22789516168051,1.27272326218845,0.916755555555556,6.31160114537326,6.13627889133511,0.81778655599472,0,0,0,0,0,0,0,0,0,0,0,0,0,0,0,0,0,0,0,0,0,0,0,0,0,0,0,0,27,0,1,1,1,0,1,27,1,26,31,31,5,5,5,0,0,0,0,4,0,0,0,1,5,0,0,0,0,0,0,0,0,0,0,0,0,0,0,0.333333333333333,0.333333333333333,0.333333333333333,0,0.333333333333333,89.3333333333333,0.333333333333333,89,98,98,9,9,9,9,0,0,0,0,1.66666666666667,0,0,0,0.333333333333333,9,0,0,0,0,0,0,75,0,2.77777777777778,2.77777777777778,2.77777777777778,0,2.77777777777778,75,2.77777777777778,72.2222222222222,86.1111111111111,86.1111111111111,13.8888888888889,13.8888888888889,13.8888888888889,0,0,0,0,11.1111111111111,0,0,0,2.77777777777778,13.8888888888889,0,0,17.3333333333333,5.33333333333333,0,0,0,0,0,0,0,0,0,0,0,0,0,0,36,0,0,0,0,100,0,0,0,0,100,0,4,2,3,2,2,0,0,0,0,0,1,1.33333333333333,2.77777777777778,1,1.33333333333333,2.77777777777778,1,1.33333333333333,2.77777777777778,14,38.8888888888889,0,0,0,100,0,0,0,0,0,0,0,0
"Samp9222","NM_Bugs_BCG","SandyBottomRivers",72,72,4.27666611901606,17,19,15,7,0,0,0,0,22,0,0,4,8,8,2,0,8,7,1,1,0,3,3,2,0,0,16,0,0,2,0,6,1,4,1,0,0,4,0,0,0,2,2,2,1,NA,NA,0,0,0,0,11.1111111111111,0,19.4444444444444,45.8333333333333,0,0,0,0,11.1111111111111,0,26.3888888888889,54.1666666666667,40.2777777777778,11.1111111111111,0,0,11.1111111111111,20.8333333333333,20.8333333333333,20.8333333333333,20.8333333333333,20.8333333333333,11.1111111111111,0,0,0,0,72.2222222222222,0,11.1111111111111,0,0,0,11.1111111111111,0,27.7777777777778,5.55555555555556,26.3888888888889,1.38888888888889,0,26.3888888888889,0,0,9.72222222222222,9.72222222222222,9.72222222222222,1.38888888888889,0,0,18.1818181818182,36.3636363636364,0,36.3636363636364,31.8181818181818,4.54545454545455,13.6363636363636,13.6363636363636,9.09090909090909,0,72.7272727272727,0,0,27.2727272727273,4.54545454545455,18.1818181818182,4.54545454545455,0,18.1818181818182,9.09090909090909,9.09090909090909,9.09090909090909,7,23.6111111111111,31.8181818181818,0,0,12.5,89.4736842105263,0,0,0,52.9411764705882,25,22.2222222222222,2,5.55555555555556,9.09090909090909,2,5.55555555555556,9.09090909090909,0,19.4444444444444,0,0,0,0,0,0,0,0,0,0,0,0,22,0,0,0,0,0,0,0,0,0,0,0,100,0,0,0,0,0,0,0,0,0,0,0,100,0,0,0,0,0,2,1,2,9,12,7,11.1111111111111,11.1111111111111,40.2777777777778,40.2777777777778,23.6111111111111,9.09090909090909,9.09090909090909,40.9090909090909,54.5454545454545,31.8181818181818,1,7,7,33.3333333333333,23.6111111111111,31.8181818181818,31.8181818181818,0,NA,NA,NA,6,1,7,2,3,0,0,0,0,0,12,4,27.7777777777778,2.77777777777778,27.7777777777778,12.5,11.1111111111111,0,0,0,0,0,30.5555555555556,27.2727272727273,4.54545454545455,31.8181818181818,9.09090909090909,13.6363636363636,0,0,0,0,0,NA,NA,NA,6,4,8,4,3,1,23.6111111111111,18.0555555555556,40.2777777777778,22.2222222222222,15.2777777777778,1.38888888888889,27.2727272727273,18.1818181818182,36.3636363636364,18.1818181818182,13.6363636363636,4.54545454545455,22.2222222222222,0,0,0,0,0,0,0,0,0,11.1111111111111,22.2222222222222,31.9444444444444,40.2777777777778,47.2222222222222,52.7777777777778,58.3333333333333,63.8888888888889,69.4444444444444,73.6111111111111,5,2,5.84745762711864,0,0,0,2.8611482641953,4.12776441200263,1.24258090304709,0.93287037037037,5.14419395570249,4.91036695771601,0.92562567721668,0,0,0,0,0,0,0,0,0,0,0,0,0,0,0,0,0,0,0,0,0,0,0,0,0,0,0,0,14,0,1,1,1,0,1,14,1,13,16,17,3,4,3,1,0,0,0,4,0,0,0,1,3,0,0,0,0,0,1,0,0,0,0,0,0,0,0,1.38888888888889,1.38888888888889,1.38888888888889,0,1.38888888888889,68.0555555555556,1.38888888888889,66.6666666666667,72.2222222222222,76.3888888888889,5.55555555555556,5.55555555555556,9.72222222222222,5.55555555555556,4.16666666666667,0,0,0,22.2222222222222,0,0,0,1.38888888888889,5.55555555555556,0,0,0,0,0,0,63.6363636363636,0,4.54545454545455,4.54545454545455,4.54545454545455,0,4.54545454545455,63.6363636363636,4.54545454545455,59.0909090909091,72.7272727272727,77.2727272727273,13.6363636363636,18.1818181818182,13.6363636363636,4.54545454545455,0,0,0,18.1818181818182,0,0,0,4.54545454545455,13.6363636363636,0,0,11.1111111111111,2.77777777777778,0,0,0,0,0,0,0,0,0,0,0,0,0,0,22,0,0,0,0,100,0,0,0,0,100,0,4,2,1,1,1,0,0,0,0,0,2,5.55555555555556,9.09090909090909,2,5.55555555555556,9.09090909090909,2,5.55555555555556,9.09090909090909,7,31.8181818181818,0,0,0,24,1,0,0,0,0,0,0,0
"Samp9237","NM_Bugs_BCG","SandyBottomRivers",158,158,5.06259503302697,118,121,13,0,0,0,0,0,24,0,0,1,7,6,0,0,14,4,3,2,0,3,3,0,0,0,21,0,0,0,0,3,3,6,2,0,0,6,0,0,0,0,0,0,1,NA,NA,0,0,1.26582278481013,0,2.53164556962025,0,0.632911392405063,18.3544303797468,0,0,0,0,0,0,76.5822784810127,81.6455696202532,8.86075949367089,8.22784810126582,5.69620253164557,4.43037974683544,6.9620253164557,8.22784810126582,6.9620253164557,8.22784810126582,8.22784810126582,8.22784810126582,0,0,0,0,0,94.9367088607595,0,0,0,0,0,0,0,5.06329113924051,9.49367088607595,17.7215189873418,4.43037974683544,0,17.7215189873418,0,0,0,0,0,3.79746835443038,0,0,4.16666666666667,29.1666666666667,0,58.3333333333333,16.6666666666667,12.5,12.5,12.5,0,0,87.5,0,0,12.5,12.5,25,8.33333333333333,0,25,0,0,0,13,74.6835443037975,54.1666666666667,10.7594936708861,0,14.5569620253165,97.5206611570248,0,0,14.4067796610169,19.4915254237288,79.1139240506329,35.4430379746835,3,5.06329113924051,12.5,3,5.06329113924051,12.5,0,0.632911392405063,0,0,0,0,0,0,0,0,0,0,0,0,24,0,0,0,0,0,0,0,0,0,0,0,100,0,0,0,0,0,0,0,0,0,0,0,100,0,0,0,0,0,2,1,2,9,16,6,8.22784810126582,8.22784810126582,28.4810126582278,28.4810126582278,24.0506329113924,8.33333333333333,8.33333333333333,37.5,66.6666666666667,25,0,5,6,15.1898734177215,24.0506329113924,20.8333333333333,25,0,NA,NA,NA,10,2,7,0,2,0,0,0,0,0,9,6,38.6075949367089,13.9240506329114,17.7215189873418,0,17.7215189873418,0,0,0,0,0,52.5316455696203,41.6666666666667,8.33333333333333,29.1666666666667,0,8.33333333333333,0,0,0,0,0,NA,NA,NA,9,4,4,0,7,1,29.746835443038,25.9493670886076,25.9493670886076,0,32.2784810126582,1.26582278481013,37.5,16.6666666666667,16.6666666666667,0,29.1666666666667,4.16666666666667,0,0,0,0,0,0,0,0,0,0,22.7848101265823,35.4430379746835,45.5696202531646,55.0632911392405,62.6582278481013,68.9873417721519,74.0506329113924,78.4810126582279,82.2784810126582,84.8101265822785,3,2,6.19424460431655,0,0,0,2.64397552351796,3.81445037601116,1.14826398015111,0.894888639641083,4.74065174943495,4.5431245932085,0.831947998573858,0,0,0,0,0,0,0,0,0,0,0,0,0,0,0,0,0,0,0,0,0,0,0,0,0,0,0,0,17,0,1,1,1,0,1,17,1,16,20,20,4,4,4,0,0,0,0,3,0,0,0,1,4,0,0,0,0,0,0,0,0,0,0,0,0,0,0,1.26582278481013,1.26582278481013,1.26582278481013,0,1.26582278481013,84.1772151898734,1.26582278481013,82.9113924050633,93.6708860759494,93.6708860759494,10.7594936708861,10.7594936708861,10.7594936708861,10.7594936708861,0,0,0,0,5.06329113924051,0,0,0,1.26582278481013,10.7594936708861,0,0,0,0,0,0,70.8333333333333,0,4.16666666666667,4.16666666666667,4.16666666666667,0,4.16666666666667,70.8333333333333,4.16666666666667,66.6666666666667,83.3333333333333,83.3333333333333,16.6666666666667,16.6666666666667,16.6666666666667,0,0,0,0,12.5,0,0,0,4.16666666666667,16.6666666666667,0,0,22.7848101265823,5.06329113924051,0,0,0,0,0,0,0,0,0,0,0,0,0,0,24,0,0,0,0,100,0,0,0,0,100,0,3,1,3,2,0,0,0,0,0,0,3,5.06329113924051,12.5,3,5.06329113924051,12.5,3,5.06329113924051,12.5,11,45.8333333333333,0,0,0,52.6666666666667,0,0,0,0,0,0,0,0
"Samp9243","NM_Bugs_BCG","SandyBottomRivers",53,53,3.97029191355212,44,44,8,0,0,0,0,0,9,0,0,0,3,3,0,0,6,2,2,2,0,2,2,0,0,0,9,0,0,0,0,0,1,3,0,0,0,3,0,0,0,0,0,0,0,NA,NA,0,0,0,0,7.54716981132075,0,0,16.9811320754717,0,0,0,0,0,0,83.0188679245283,83.0188679245283,15.0943396226415,15.0943396226415,7.54716981132075,7.54716981132075,15.0943396226415,15.0943396226415,15.0943396226415,15.0943396226415,15.0943396226415,15.0943396226415,0,0,0,0,0,100,0,0,0,0,0,0,0,0,1.88679245283019,16.9811320754717,0,0,16.9811320754717,0,0,0,0,0,0,0,0,0,33.3333333333333,0,66.6666666666667,22.2222222222222,22.2222222222222,22.2222222222222,22.2222222222222,0,0,100,0,0,0,11.1111111111111,33.3333333333333,0,0,33.3333333333333,0,0,0,6,83.0188679245283,66.6666666666667,0,0,49.0566037735849,100,0,0,0,59.0909090909091,83.0188679245283,56.6037735849057,0,0,0,0,0,0,0,0,0,0,0,0,0,0,0,0,0,0,0,0,9,0,0,0,0,0,0,0,0,0,0,0,100,0,0,0,0,0,0,0,0,0,0,0,100,0,0,0,0,0,3,2,3,1,3,1,13.2075471698113,13.2075471698113,49.0566037735849,49.0566037735849,49.0566037735849,33.3333333333333,33.3333333333333,11.1111111111111,33.3333333333333,11.1111111111111,1,4,1,16.9811320754717,49.0566037735849,44.4444444444444,11.1111111111111,0,NA,NA,NA,4,1,2,0,1,0,0,0,0,0,3,1,20.7547169811321,7.54716981132075,50.9433962264151,0,1.88679245283019,0,0,0,0,0,20.7547169811321,44.4444444444444,11.1111111111111,22.2222222222222,0,11.1111111111111,0,0,0,0,0,NA,NA,NA,5,2,2,0,1,0,37.7358490566038,5.66037735849057,5.66037735849057,0,49.0566037735849,0,55.5555555555556,22.2222222222222,22.2222222222222,0,11.1111111111111,0,0,0,0,0,0,0,0,0,0,0,49.0566037735849,67.9245283018868,75.4716981132076,83.0188679245283,86.7924528301887,90.5660377358491,94.3396226415094,96.2264150943396,98.1132075471698,100,3,2,6.58974358974359,0,0,0,1.64980891561216,2.38017114096807,0.71650290824515,0.707013171947312,2.2668358387653,2.0149651900136,0.750860395714438,0,0,0,0,0,0,0,0,0,0,0,0,0,0,0,0,0,0,0,0,0,0,0,0,0,0,0,1,7,1,1,1,1,1,1,7,0,6,7,7,1,1,1,0,0,0,0,1,0,0,0,1,1,1,1,1,0,0,0,1,0,0,0,0,0,7.54716981132075,7.54716981132075,7.54716981132075,7.54716981132075,7.54716981132075,7.54716981132075,7.54716981132075,32.0754716981132,0,24.5283018867925,73.5849056603774,73.5849056603774,49.0566037735849,49.0566037735849,49.0566037735849,49.0566037735849,0,0,0,0,18.8679245283019,0,0,0,7.54716981132075,49.0566037735849,7.54716981132075,7.54716981132075,0,0,0,11.1111111111111,77.7777777777778,11.1111111111111,11.1111111111111,11.1111111111111,11.1111111111111,11.1111111111111,11.1111111111111,77.7777777777778,0,66.6666666666667,77.7777777777778,77.7777777777778,11.1111111111111,11.1111111111111,11.1111111111111,0,0,0,0,11.1111111111111,0,0,0,11.1111111111111,11.1111111111111,11.1111111111111,11.1111111111111,7.54716981132075,49.0566037735849,0,0,0,0,0,0,0,0,0,0,0,0,0,0,9,0,0,0,0,100,0,0,0,0,100,0,2,0,2,1,0,0,0,0,0,0,0,0,0,0,0,0,0,0,0,2,22.2222222222222,0,0,0,17.6666666666667,0,0,0,0,0,0,0,0
"Samp9244","NM_Bugs_BCG","SandyBottomRivers",99,99,4.59511985013459,17,17,76,24,0,0,0,0,15,0,0,3,11,10,0,0,4,9,3,3,0,6,6,0,0,1,15,0,0,0,0,0,2,8,0,0,0,8,0,0,0,3,2,0,0,NA,NA,0,0,0,0,42.4242424242424,0,4.04040404040404,82.8282828282828,0,0,0,0,0,0,17.1717171717172,17.1717171717172,80.8080808080808,52.5252525252525,10.1010101010101,10.1010101010101,52.5252525252525,76.7676767676768,73.7373737373737,76.7676767676768,73.7373737373737,76.7676767676768,0,0,3.03030303030303,3.94736842105263,12.5,100,0,0,0,0,0,0,0,0,2.02020202020202,78.7878787878788,0,0,78.7878787878788,0,0,24.2424242424242,21.2121212121212,0,0,0,0,20,73.3333333333333,0,26.6666666666667,60,20,40,40,0,0,100,0,0,0,13.3333333333333,53.3333333333333,0,0,53.3333333333333,20,13.3333333333333,0,4,17.1717171717172,26.6666666666667,0,0,2.02020202020202,100,0,0,0,11.7647058823529,17.1717171717172,60.6060606060606,0,0,0,0,0,0,0,4.04040404040404,0,0,0,0,0,0,0,0,0,0,0,0,15,0,0,0,0,0,0,0,0,0,0,0,100,0,0,0,0,0,0,0,0,0,0,0,100,0,0,0,0,0,2,1,2,8,8,5,19.1919191919192,19.1919191919192,62.6262626262626,62.6262626262626,17.1717171717172,13.3333333333333,13.3333333333333,53.3333333333333,53.3333333333333,33.3333333333333,3,7,5,34.3434343434343,17.1717171717172,46.6666666666667,33.3333333333333,0,NA,NA,NA,5,2,4,2,2,0,0,0,0,0,8,3,59.5959595959596,10.1010101010101,7.07070707070707,4.04040404040404,19.1919191919192,0,0,0,0,0,69.6969696969697,33.3333333333333,13.3333333333333,26.6666666666667,13.3333333333333,13.3333333333333,0,0,0,0,0,NA,NA,NA,4,1,8,7,3,0,16.1616161616162,18.1818181818182,31.3131313131313,13.1313131313131,52.5252525252525,0,26.6666666666667,6.66666666666667,53.3333333333333,46.6666666666667,20,0,13.1313131313131,0,0,0,0,0,0,0,0,0,42.4242424242424,60.6060606060606,68.6868686868687,75.7575757575758,78.7878787878788,81.8181818181818,84.8484848484848,87.8787878787879,89.8989898989899,91.9191919191919,6,2,6.05050505050505,0,0,0,1.98911738654514,2.86968978931469,0.863862704834373,0.769717375777982,3.26433270278264,3.04671052259713,0.734520130289885,0,0,0,0,0,0,0,0,0,0,0,0,0,0,0,0,0,0,0,0,0,0,0,0,0,0,0,0,13,0,2,2,2,0,2,13,2,11,13,13,2,2,2,0,0,0,0,0,0,0,0,2,2,0,1,1,0,0,1,1,0,0,0,0,0,0,0,3.03030303030303,3.03030303030303,3.03030303030303,0,3.03030303030303,94.9494949494949,3.03030303030303,91.9191919191919,96.969696969697,96.969696969697,5.05050505050505,5.05050505050505,5.05050505050505,5.05050505050505,0,0,0,0,0,0,0,0,3.03030303030303,5.05050505050505,2.02020202020202,2.02020202020202,0,0,0,0,86.6666666666667,0,13.3333333333333,13.3333333333333,13.3333333333333,0,13.3333333333333,86.6666666666667,13.3333333333333,73.3333333333333,86.6666666666667,86.6666666666667,13.3333333333333,13.3333333333333,13.3333333333333,0,0,0,0,0,0,0,0,13.3333333333333,13.3333333333333,6.66666666666667,6.66666666666667,42.4242424242424,3.03030303030303,0,0,0,0,0,0,0,0,0,0,0,0,0,0,15,0,0,0,0,100,0,0,0,0,100,0,4,2,3,2,2,0,0,0,0,0,0,0,0,0,0,0,0,0,0,4,26.6666666666667,0,0,0,33,0,0,0,0,0,0,0,0
"Samp9246","NM_Bugs_BCG","SandyBottomRivers",11,11,2.39789527279837,7,7,2,0,0,0,0,0,8,0,0,1,2,2,1,0,5,2,1,1,0,1,1,0,0,0,7,0,0,0,0,1,0,1,0,0,0,1,0,0,0,0,0,0,0,NA,NA,0,0,0,0,0,0,9.09090909090909,27.2727272727273,0,0,0,9.09090909090909,9.09090909090909,0,63.6363636363636,72.7272727272727,27.2727272727273,18.1818181818182,18.1818181818182,18.1818181818182,18.1818181818182,18.1818181818182,18.1818181818182,18.1818181818182,18.1818181818182,18.1818181818182,0,0,0,0,0,90.9090909090909,0,0,0,0,0,0,0,9.09090909090909,0,18.1818181818182,0,0,18.1818181818182,0,0,0,0,0,0,0,0,12.5,25,0,62.5,25,12.5,12.5,12.5,0,0,87.5,0,0,12.5,0,12.5,0,0,12.5,0,0,0,5,63.6363636363636,62.5,0,0,0,100,0,0,0,0,63.6363636363636,18.1818181818182,0,0,0,0,0,0,0,0,0,0,0,0,0,0,0,0,0,0,0,0,8,0,0,0,0,0,0,0,0,0,0,0,100,0,0,0,0,0,0,0,0,0,0,0,100,0,0,0,0,0,1,1,1,1,4,1,18.1818181818182,18.1818181818182,9.09090909090909,9.09090909090909,9.09090909090909,12.5,12.5,12.5,50,12.5,1,2,1,27.2727272727273,9.09090909090909,25,12.5,0,NA,NA,NA,4,1,0,0,2,0,0,0,0,0,2,0,54.5454545454545,18.1818181818182,0,0,18.1818181818182,0,0,0,0,0,54.5454545454545,50,12.5,0,0,25,0,0,0,0,0,NA,NA,NA,3,2,2,0,1,1,54.5454545454545,18.1818181818182,18.1818181818182,0,9.09090909090909,9.09090909090909,37.5,25,25,0,12.5,12.5,0,0,0,0,0,0,0,0,0,0,18.1818181818182,36.3636363636364,45.4545454545455,54.5454545454545,63.6363636363636,72.7272727272727,81.8181818181818,90.9090909090909,100,100,1,1,5.125,0,0,0,2.14584175259475,3.09579525500093,0.931927232189505,0.87603305785124,3.33625913139397,2.91922673996972,1.03193175166698,0,0,0,0,0,0,0,0,0,0,0,0,0,0,0,0,0,0,0,0,0,0,0,0,0,0,0,1,6,1,1,1,1,1,1,6,0,5,5,5,0,0,0,0,0,0,0,2,0,0,0,1,0,1,1,1,0,0,0,1,0,0,0,0,0,18.1818181818182,18.1818181818182,18.1818181818182,18.1818181818182,18.1818181818182,18.1818181818182,18.1818181818182,72.7272727272727,0,54.5454545454545,54.5454545454545,54.5454545454545,0,0,0,0,0,0,0,0,27.2727272727273,0,0,0,18.1818181818182,0,18.1818181818182,18.1818181818182,0,0,0,12.5,75,12.5,12.5,12.5,12.5,12.5,12.5,75,0,62.5,62.5,62.5,0,0,0,0,0,0,0,25,0,0,0,12.5,0,12.5,12.5,9.09090909090909,0,0,0,0,0,0,0,0,0,0,0,0,0,0,0,8,0,0,0,0,100,0,0,0,0,100,0,2,1,1,0,0,0,0,0,0,0,0,0,0,0,0,0,0,0,0,6,75,0,0,0,3.66666666666667,0,0,0,0,0,0,0,0
"Samp9247","NM_Bugs_BCG","SandyBottomRivers",3,3,1.09861228866811,2,2,1,1,0,0,0,0,2,0,0,0,1,0,0,0,1,1,0,0,0,1,1,0,0,0,2,0,0,0,0,0,0,1,0,0,0,1,0,0,0,1,0,0,0,NA,NA,0,0,0,0,0,0,0,33.3333333333333,0,0,0,0,0,0,66.6666666666667,66.6666666666667,33.3333333333333,0,0,0,0,33.3333333333333,0,33.3333333333333,0,33.3333333333333,0,0,33.3333333333333,100,100,100,0,0,0,0,0,0,0,0,0,33.3333333333333,0,0,33.3333333333333,0,0,33.3333333333333,0,0,0,0,0,0,50,0,50,50,0,50,50,0,0,100,0,0,0,0,50,0,0,50,50,0,0,1,66.6666666666667,50,0,0,33.3333333333333,100,0,0,0,50,66.6666666666667,66.6666666666667,0,0,0,0,0,0,0,0,0,0,0,0,0,0,0,0,0,0,0,0,2,0,0,0,0,0,0,0,0,0,0,0,100,0,0,0,0,0,0,0,0,0,0,0,100,0,0,0,0,0,0,0,0,0,1,0,0,0,0,0,0,0,0,0,50,0,0,1,0,33.3333333333333,0,50,0,0,NA,NA,NA,0,1,1,0,0,0,0,0,0,0,1,0,33.3333333333333,33.3333333333333,33.3333333333333,0,0,0,0,0,0,0,66.6666666666667,0,50,50,0,0,0,0,0,0,0,NA,NA,NA,0,0,1,1,1,0,33.3333333333333,0,33.3333333333333,33.3333333333333,33.3333333333333,0,0,0,50,50,50,0,33.3333333333333,0,0,0,0,0,0,0,0,0,33.3333333333333,66.6666666666667,100,100,100,100,100,100,100,100,0,0,5.66666666666667,0,0,0,1.09861228866811,1.58496250072116,0.477121254719662,0.666666666666667,1.82047845325367,0.910239226626837,1.58496250072116,0,0,0,0,0,0,0,0,0,0,0,0,0,0,0,0,0,0,0,0,0,0,0,0,0,0,0,0,2,0,0,0,0,0,0,2,0,2,2,2,0,0,0,0,0,0,0,0,0,0,0,0,0,0,0,0,0,0,0,0,0,0,0,0,0,0,0,0,0,0,0,0,100,0,100,100,100,0,0,0,0,0,0,0,0,0,0,0,0,0,0,0,0,0,0,0,0,100,0,0,0,0,0,0,100,0,100,100,100,0,0,0,0,0,0,0,0,0,0,0,0,0,0,0,33.3333333333333,0,0,0,0,0,0,0,0,0,0,0,0,0,0,0,2,0,0,0,0,100,0,0,0,0,100,0,1,0,0,0,1,0,0,0,0,0,0,0,0,0,0,0,0,0,0,2,100,0,0,0,1,0,0,0,0,0,0,0,0
"Samp9248","NM_Bugs_BCG","SandyBottomRivers",101,101,4.61512051684126,59,99,2,1,0,0,0,0,8,0,0,0,2,2,0,0,6,2,1,1,0,2,2,0,0,0,8,0,0,0,0,0,0,2,0,0,0,2,0,0,0,1,1,0,0,NA,NA,0,0,0,0,0.99009900990099,0,0,1.98019801980198,0,0,0,0,0,0,98.019801980198,98.019801980198,1.98019801980198,0.99009900990099,0,0,0.99009900990099,1.98019801980198,1.98019801980198,1.98019801980198,1.98019801980198,1.98019801980198,0,0,0,0,0,100,0,0,0,0,0,0,0,0,0,1.98019801980198,0,0,1.98019801980198,0,0,0.99009900990099,0.99009900990099,0,0,0,0,0,25,0,75,25,12.5,25,25,0,0,100,0,0,0,0,25,0,0,25,12.5,12.5,0,5,58.4158415841584,62.5,5.94059405940594,0,36.6336633663366,59.5959595959596,0,0,10.1694915254237,62.7118644067797,58.4158415841584,76.2376237623762,0,0,0,0,0,0,0,0,0,0,0,0,0,0,0,0,0,0,0,0,8,0,0,0,0,0,0,0,0,0,0,0,100,0,0,0,0,0,0,0,0,0,0,0,100,0,0,0,0,0,0,0,0,2,6,2,0,0,47.5247524752475,47.5247524752475,47.5247524752475,0,0,25,75,25,0,0,2,0,47.5247524752475,0,25,0,NA,NA,NA,3,0,1,1,1,0,0,0,0,0,3,0,52.4752475247525,0,36.6336633663366,0.99009900990099,5.94059405940594,0,0,0,0,0,52.4752475247525,37.5,0,12.5,12.5,12.5,0,0,0,0,0,NA,NA,NA,2,1,2,1,3,0,14.8514851485149,0.99009900990099,1.98019801980198,0.99009900990099,82.1782178217822,0,25,12.5,25,12.5,37.5,0,0.99009900990099,0,0,0,0,0,0,0,0,0,39.6039603960396,76.2376237623762,87.1287128712871,93.0693069306931,96.039603960396,97.029702970297,98.019801980198,99.009900990099,100,100,0,0,7.21649484536082,0,0,0,1.4311365305586,2.06469357547193,0.621534698071765,0.692285070091168,1.73343252268425,1.51675345734872,0.688231191823977,0,0,0,0,0,0,0,0,0,0,0,0,0,0,0,0,0,0,0,0,0,0,0,0,0,0,0,0,4,0,0,0,0,0,0,4,0,4,7,7,3,3,3,0,0,0,0,1,0,0,0,0,3,0,0,0,0,0,0,0,0,0,0,0,0,0,0,0,0,0,0,0,9.9009900990099,0,9.9009900990099,97.029702970297,97.029702970297,87.1287128712871,87.1287128712871,87.1287128712871,87.1287128712871,0,0,0,0,2.97029702970297,0,0,0,0,87.1287128712871,0,0,0,0,0,0,50,0,0,0,0,0,0,50,0,50,87.5,87.5,37.5,37.5,37.5,0,0,0,0,12.5,0,0,0,0,37.5,0,0,5.94059405940594,39.6039603960396,0,0,0,0,0,0,0,0,0,0,0,0,0,0,8,0,0,0,0,100,0,0,0,0,100,0,2,0,1,0,1,0,0,0,0,0,0,0,0,0,0,0,0,0,0,3,37.5,0,0,0,33.6666666666667,0,0,0,0,0,0,0,0
